[2026-02-01 05:27:04] [溢价告警] 钢铁LOF(168203) 溢价率: 12.78% (阈值: 10.0%)
[2026-02-01 05:29:34] [溢价告警] 国富恒利债券LOF(164509) 溢价率: 10.42% (阈值: 10.0%)
[2026-02-01 05:30:51] [溢价告警] 石油LOF(162719) 溢价率: 32.57% (阈值: 10.0%)
[2026-02-01 05:31:26] [溢价告警] 金鹰元盛债券LOF(162108) 溢价率: 10.10% (阈值: 10.0%)
[2026-02-01 05:33:01] [溢价告警] 国投资源LOF(161217) 溢价率: 10.48% (阈值: 10.0%)
[2026-02-01 05:33:14] [溢价告警] 原油LOF易方达(161129) 溢价率: 13.14% (阈值: 10.0%)
[2026-02-01 05:36:28] [溢价告警] 石油基金LOF(160416) 溢价率: 32.84% (阈值: 10.0%)
[2026-02-01 05:38:37] [溢价告警] 行业轮动FOF(501220) 溢价率: 15.45% (阈值: 10.0%)
[2026-02-01 05:42:21] [溢价告警] 南方原油LOF(501018) 溢价率: 26.14% (阈值: 10.0%)
[2026-02-01 06:09:41] [溢价告警] 钢铁LOF(168203) 溢价率: 12.78% (阈值: 10.0%)
[2026-02-01 06:11:11] [溢价告警] 国富恒利债券LOF(164509) 溢价率: 10.42% (阈值: 10.0%)
[2026-02-01 06:12:03] [溢价告警] 石油LOF(162719) 溢价率: 32.57% (阈值: 10.0%)
[2026-02-01 06:12:31] [溢价告警] 金鹰元盛债券LOF(162108) 溢价率: 10.10% (阈值: 10.0%)
[2026-02-01 06:13:32] [溢价告警] 国投资源LOF(161217) 溢价率: 10.48% (阈值: 10.0%)
[2026-02-01 06:13:39] [溢价告警] 原油LOF易方达(161129) 溢价率: 13.14% (阈值: 10.0%)
[2026-02-01 06:16:43] [溢价告警] 石油基金LOF(160416) 溢价率: 32.84% (阈值: 10.0%)
[2026-02-01 06:18:55] [溢价告警] 行业轮动FOF(501220) 溢价率: 15.45% (阈值: 10.0%)
[2026-02-01 06:21:28] [溢价告警] 南方原油LOF(501018) 溢价率: 26.14% (阈值: 10.0%)
[2026-02-01 06:48:17] [溢价告警] 钢铁LOF(168203) 溢价率: 12.78% (阈值: 10.0%)
[2026-02-01 06:49:49] [溢价告警] 国富恒利债券LOF(164509) 溢价率: 10.42% (阈值: 10.0%)
[2026-02-01 06:50:39] [溢价告警] 石油LOF(162719) 溢价率: 32.57% (阈值: 10.0%)
[2026-02-01 06:51:00] [溢价告警] 金鹰元盛债券LOF(162108) 溢价率: 10.10% (阈值: 10.0%)
[2026-02-01 06:52:08] [溢价告警] 国投资源LOF(161217) 溢价率: 10.48% (阈值: 10.0%)
[2026-02-01 06:52:16] [溢价告警] 原油LOF易方达(161129) 溢价率: 13.14% (阈值: 10.0%)
[2026-02-01 06:54:54] [溢价告警] 石油基金LOF(160416) 溢价率: 32.84% (阈值: 10.0%)
[2026-02-01 06:56:38] [溢价告警] 行业轮动FOF(501220) 溢价率: 15.45% (阈值: 10.0%)
[2026-02-01 06:59:08] [溢价告警] 南方原油LOF(501018) 溢价率: 26.14% (阈值: 10.0%)
[2026-02-01 07:33:10] [溢价告警] 钢铁LOF(168203) 溢价率: 12.78% (阈值: 10.0%)
[2026-02-01 07:34:35] [溢价告警] 国富恒利债券LOF(164509) 溢价率: 10.42% (阈值: 10.0%)
[2026-02-01 07:35:14] [溢价告警] 石油LOF(162719) 溢价率: 32.57% (阈值: 10.0%)
[2026-02-01 07:35:32] [溢价告警] 金鹰元盛债券LOF(162108) 溢价率: 10.10% (阈值: 10.0%)
[2026-02-01 07:36:24] [溢价告警] 国投资源LOF(161217) 溢价率: 10.48% (阈值: 10.0%)
[2026-02-01 07:36:32] [溢价告警] 原油LOF易方达(161129) 溢价率: 13.14% (阈值: 10.0%)
[2026-02-01 07:38:31] [溢价告警] 石油基金LOF(160416) 溢价率: 32.84% (阈值: 10.0%)
[2026-02-01 07:39:56] [溢价告警] 行业轮动FOF(501220) 溢价率: 15.45% (阈值: 10.0%)
[2026-02-01 07:42:04] [溢价告警] 南方原油LOF(501018) 溢价率: 26.14% (阈值: 10.0%)
[2026-02-01 14:07:35] [溢价告警] 钢铁LOF(168203) 溢价率: 12.78% (阈值: 10.0%)
[2026-02-01 14:11:38] [溢价告警] 国富恒利债券LOF(164509) 溢价率: 10.42% (阈值: 10.0%)
[2026-02-01 14:13:42] [溢价告警] 石油LOF(162719) 溢价率: 32.57% (阈值: 10.0%)
[2026-02-01 14:15:06] [溢价告警] 金鹰元盛债券LOF(162108) 溢价率: 10.10% (阈值: 10.0%)
[2026-02-01 14:17:34] [溢价告警] 国投资源LOF(161217) 溢价率: 10.48% (阈值: 10.0%)
[2026-02-01 14:17:58] [溢价告警] 原油LOF易方达(161129) 溢价率: 13.14% (阈值: 10.0%)
[2026-02-01 14:22:38] [溢价告警] 石油基金LOF(160416) 溢价率: 32.84% (阈值: 10.0%)
[2026-02-01 14:25:37] [溢价告警] 行业轮动FOF(501220) 溢价率: 15.45% (阈值: 10.0%)
[2026-02-01 14:30:07] [溢价告警] 南方原油LOF(501018) 溢价率: 26.14% (阈值: 10.0%)
[2026-02-02 04:40:33] [溢价告警] 石油LOF(162719) 溢价率: 19.29% (阈值: 10.0%)
[2026-02-02 04:43:02] [溢价告警] 国投白银LOF(161226) 溢价率: 43.80% (阈值: 10.0%)
[2026-02-02 04:47:23] [溢价告警] 石油基金LOF(160416) 溢价率: 19.53% (阈值: 10.0%)
[2026-02-02 04:52:59] [溢价告警] 南方原油LOF(501018) 溢价率: 13.54% (阈值: 10.0%)
[2026-02-02 07:00:19] [溢价告警] 石油LOF(162719) 溢价率: 19.29% (阈值: 10.0%)
[2026-02-02 07:01:59] [溢价告警] 国投白银LOF(161226) 溢价率: 43.80% (阈值: 10.0%)
[2026-02-02 07:05:30] [溢价告警] 石油基金LOF(160416) 溢价率: 19.53% (阈值: 10.0%)
[2026-02-02 07:10:07] [溢价告警] 南方原油LOF(501018) 溢价率: 13.54% (阈值: 10.0%)
[2026-02-03 03:21:27] [溢价告警] 国投白银LOF(161226) 溢价率: 88.94% (阈值: 10.0%)
[2026-02-03 05:10:40] [溢价告警] 国投白银LOF(161226) 溢价率: 88.94% (阈值: 10.0%)
[2026-02-03 05:34:38] [溢价告警] 国投白银LOF(161226) 溢价率: 88.94% (阈值: 10.0%)
[2026-02-04 03:14:40] [溢价告警] 国投白银LOF(161226) 溢价率: 64.60% (阈值: 10.0%)
[2026-02-04 05:23:19] [溢价告警] 国投白银LOF(161226) 溢价率: 64.60% (阈值: 10.0%)
[2026-02-05 03:16:55] [溢价告警] 国投白银LOF(161226) 溢价率: 37.13% (阈值: 10.0%)
[2026-02-05 05:39:32] [溢价告警] 国投白银LOF(161226) 溢价率: 37.13% (阈值: 10.0%)
[2026-02-06 03:13:42] [溢价告警] 国投白银LOF(161226) 溢价率: 28.73% (阈值: 10.0%)
[2026-02-06 03:18:12] [溢价告警] 全球芯片LOF(501225) 溢价率: 11.68% (阈值: 10.0%)
[2026-02-06 05:38:41] [溢价告警] 国投白银LOF(161226) 溢价率: 28.73% (阈值: 10.0%)
[2026-02-06 05:44:31] [溢价告警] 全球芯片LOF(501225) 溢价率: 10.74% (阈值: 10.0%)
[2026-02-07 02:55:44] [溢价告警] 国投白银LOF(161226) 溢价率: 49.05% (阈值: 10.0%)
[2026-02-07 03:01:51] [溢价告警] 全球芯片LOF(501225) 溢价率: 10.60% (阈值: 10.0%)
[2026-02-07 05:17:57] [溢价告警] 国投白银LOF(161226) 溢价率: 49.05% (阈值: 10.0%)
[2026-02-07 05:23:31] [溢价告警] 全球芯片LOF(501225) 溢价率: 10.60% (阈值: 10.0%)
[2026-02-08 03:41:00] [溢价告警] 国投白银LOF(161226) 溢价率: 49.05% (阈值: 10.0%)
[2026-02-08 03:47:28] [溢价告警] 全球芯片LOF(501225) 溢价率: 10.60% (阈值: 10.0%)
[2026-02-08 05:46:08] [溢价告警] 国投白银LOF(161226) 溢价率: 49.05% (阈值: 10.0%)
[2026-02-08 05:51:17] [溢价告警] 全球芯片LOF(501225) 溢价率: 10.60% (阈值: 10.0%)
[2026-02-09 03:23:15] [溢价告警] 招商丰泰LOF(161722) 溢价率: 10.29% (阈值: 10.0%)
[2026-02-09 03:23:42] [溢价告警] 国投白银LOF(161226) 溢价率: 58.67% (阈值: 10.0%)
[2026-02-09 03:28:41] [溢价告警] 全球芯片LOF(501225) 溢价率: 14.72% (阈值: 10.0%)
[2026-02-09 05:48:10] [溢价告警] 国投白银LOF(161226) 溢价率: 57.03% (阈值: 10.0%)
[2026-02-09 05:52:37] [溢价告警] 全球芯片LOF(501225) 溢价率: 14.82% (阈值: 10.0%)
[2026-02-10 03:32:33] [溢价告警] 国投白银LOF(161226) 溢价率: 43.78% (阈值: 10.0%)
[2026-02-10 03:37:52] [溢价告警] 全球芯片LOF(501225) 溢价率: 10.89% (阈值: 10.0%)
[2026-02-10 03:40:28] [溢价告警] 南方原油LOF(501018) 溢价率: 11.52% (阈值: 10.0%)
[2026-02-10 05:50:31] [溢价告警] 国投白银LOF(161226) 溢价率: 42.86% (阈值: 10.0%)
[2026-02-10 05:55:24] [溢价告警] 全球芯片LOF(501225) 溢价率: 10.80% (阈值: 10.0%)
[2026-02-10 05:57:55] [溢价告警] 南方原油LOF(501018) 溢价率: 11.69% (阈值: 10.0%)
[2026-02-11 03:30:34] [溢价告警] 国投白银LOF(161226) 溢价率: 36.00% (阈值: 10.0%)
[2026-02-11 03:31:02] [溢价告警] 原油LOF易方达(161129) 溢价率: 14.52% (阈值: 10.0%)
[2026-02-11 03:40:09] [溢价告警] 南方原油LOF(501018) 溢价率: 16.24% (阈值: 10.0%)
[2026-02-11 05:48:41] [溢价告警] 国投白银LOF(161226) 溢价率: 36.32% (阈值: 10.0%)
[2026-02-11 05:49:00] [溢价告警] 原油LOF易方达(161129) 溢价率: 12.98% (阈值: 10.0%)
[2026-02-11 05:55:44] [溢价告警] 南方原油LOF(501018) 溢价率: 16.00% (阈值: 10.0%)
[2026-02-12 03:24:34] [溢价告警] 国投白银LOF(161226) 溢价率: 29.64% (阈值: 10.0%)
[2026-02-12 03:24:54] [溢价告警] 原油LOF易方达(161129) 溢价率: 13.54% (阈值: 10.0%)
[2026-02-12 03:27:52] [溢价告警] 石油基金LOF(160416) 溢价率: 10.96% (阈值: 10.0%)
[2026-02-12 03:29:47] [溢价告警] 全球芯片LOF(501225) 溢价率: 12.33% (阈值: 10.0%)
[2026-02-12 03:32:27] [溢价告警] 南方原油LOF(501018) 溢价率: 12.87% (阈值: 10.0%)
[2026-02-12 05:44:47] [溢价告警] 国投白银LOF(161226) 溢价率: 27.12% (阈值: 10.0%)
[2026-02-12 05:45:09] [溢价告警] 原油LOF易方达(161129) 溢价率: 11.92% (阈值: 10.0%)
[2026-02-12 05:47:42] [溢价告警] 石油基金LOF(160416) 溢价率: 10.23% (阈值: 10.0%)
[2026-02-12 05:49:28] [溢价告警] 全球芯片LOF(501225) 溢价率: 13.00% (阈值: 10.0%)
[2026-02-12 05:51:40] [溢价告警] 南方原油LOF(501018) 溢价率: 11.72% (阈值: 10.0%)
[2026-02-13 03:25:33] [溢价告警] 国投白银LOF(161226) 溢价率: 17.98% (阈值: 10.0%)
[2026-02-13 03:30:48] [溢价告警] 全球芯片LOF(501225) 溢价率: 10.94% (阈值: 10.0%)
[2026-02-13 05:41:49] [溢价告警] 国投白银LOF(161226) 溢价率: 19.62% (阈值: 10.0%)
[2026-02-13 05:46:48] [溢价告警] 全球芯片LOF(501225) 溢价率: 10.77% (阈值: 10.0%)
[2026-02-14 03:10:25] [溢价告警] 国投白银LOF(161226) 溢价率: 27.61% (阈值: 10.0%)
[2026-02-14 03:13:39] [溢价告警] 全球芯片LOF(501225) 溢价率: 14.62% (阈值: 10.0%)
[2026-02-14 05:19:06] [溢价告警] 国投白银LOF(161226) 溢价率: 27.61% (阈值: 10.0%)
[2026-02-14 05:23:44] [溢价告警] 全球芯片LOF(501225) 溢价率: 14.62% (阈值: 10.0%)
[2026-02-15 03:25:16] [溢价告警] 国投白银LOF(161226) 溢价率: 27.61% (阈值: 10.0%)
[2026-02-15 03:30:06] [溢价告警] 全球芯片LOF(501225) 溢价率: 14.62% (阈值: 10.0%)
[2026-02-15 05:37:34] [溢价告警] 国投白银LOF(161226) 溢价率: 27.61% (阈值: 10.0%)
[2026-02-15 05:42:32] [溢价告警] 全球芯片LOF(501225) 溢价率: 14.62% (阈值: 10.0%)
[2026-02-16 03:21:59] [溢价告警] 国投白银LOF(161226) 溢价率: 27.61% (阈值: 10.0%)
[2026-02-16 03:26:55] [溢价告警] 全球芯片LOF(501225) 溢价率: 14.62% (阈值: 10.0%)
[2026-02-16 05:47:18] [溢价告警] 国投白银LOF(161226) 溢价率: 27.61% (阈值: 10.0%)
[2026-02-16 05:51:40] [溢价告警] 全球芯片LOF(501225) 溢价率: 14.62% (阈值: 10.0%)
[2026-02-17 03:16:36] [溢价告警] 国投白银LOF(161226) 溢价率: 27.61% (阈值: 10.0%)
[2026-02-17 03:21:15] [溢价告警] 全球芯片LOF(501225) 溢价率: 14.62% (阈值: 10.0%)
[2026-02-17 05:40:20] [溢价告警] 国投白银LOF(161226) 溢价率: 27.61% (阈值: 10.0%)
[2026-02-17 05:45:05] [溢价告警] 全球芯片LOF(501225) 溢价率: 14.62% (阈值: 10.0%)
[2026-02-18 03:19:20] [溢价告警] 国投白银LOF(161226) 溢价率: 27.61% (阈值: 10.0%)
[2026-02-18 03:23:41] [溢价告警] 全球芯片LOF(501225) 溢价率: 14.62% (阈值: 10.0%)
[2026-02-18 05:41:36] [溢价告警] 国投白银LOF(161226) 溢价率: 27.61% (阈值: 10.0%)
[2026-02-18 05:45:33] [溢价告警] 全球芯片LOF(501225) 溢价率: 14.62% (阈值: 10.0%)
[2026-02-19 03:18:21] [溢价告警] 国投白银LOF(161226) 溢价率: 27.61% (阈值: 10.0%)
[2026-02-19 03:23:18] [溢价告警] 全球芯片LOF(501225) 溢价率: 14.62% (阈值: 10.0%)
[2026-02-19 05:41:00] [溢价告警] 国投白银LOF(161226) 溢价率: 27.61% (阈值: 10.0%)
[2026-02-19 05:45:58] [溢价告警] 全球芯片LOF(501225) 溢价率: 14.62% (阈值: 10.0%)
[2026-02-20 03:14:09] [溢价告警] 国投白银LOF(161226) 溢价率: 27.61% (阈值: 10.0%)
[2026-02-20 03:17:36] [溢价告警] 全球芯片LOF(501225) 溢价率: 14.62% (阈值: 10.0%)
[2026-02-20 05:35:24] [溢价告警] 国投白银LOF(161226) 溢价率: 27.61% (阈值: 10.0%)
[2026-02-20 05:38:40] [溢价告警] 全球芯片LOF(501225) 溢价率: 14.62% (阈值: 10.0%)
[2026-02-21 02:54:09] [溢价告警] 国投白银LOF(161226) 溢价率: 27.61% (阈值: 10.0%)
[2026-02-21 03:00:07] [溢价告警] 全球芯片LOF(501225) 溢价率: 14.62% (阈值: 10.0%)
[2026-02-21 05:17:28] [溢价告警] 国投白银LOF(161226) 溢价率: 27.61% (阈值: 10.0%)
[2026-02-21 05:21:45] [溢价告警] 全球芯片LOF(501225) 溢价率: 14.62% (阈值: 10.0%)
[2026-02-22 03:20:30] [溢价告警] 国投白银LOF(161226) 溢价率: 27.61% (阈值: 10.0%)
[2026-02-22 03:25:29] [溢价告警] 全球芯片LOF(501225) 溢价率: 14.62% (阈值: 10.0%)
[2026-02-22 05:35:35] [溢价告警] 国投白银LOF(161226) 溢价率: 27.61% (阈值: 10.0%)
[2026-02-22 05:40:12] [溢价告警] 全球芯片LOF(501225) 溢价率: 14.62% (阈值: 10.0%)
[2026-02-23 03:23:17] [溢价告警] 国投白银LOF(161226) 溢价率: 27.61% (阈值: 10.0%)
[2026-02-23 03:28:00] [溢价告警] 全球芯片LOF(501225) 溢价率: 14.62% (阈值: 10.0%)
[2026-02-23 05:49:26] [溢价告警] 国投白银LOF(161226) 溢价率: 27.61% (阈值: 10.0%)
[2026-02-23 05:54:45] [溢价告警] 全球芯片LOF(501225) 溢价率: 14.62% (阈值: 10.0%)
[2026-02-24 03:18:23] [溢价告警] 国投白银LOF(161226) 溢价率: 38.92% (阈值: 10.0%)
[2026-02-24 03:18:45] [溢价告警] 原油LOF易方达(161129) 溢价率: 18.79% (阈值: 10.0%)
[2026-02-24 03:20:23] [溢价告警] 嘉实原油LOF(160723) 溢价率: 11.65% (阈值: 10.0%)
[2026-02-24 03:21:47] [溢价告警] 石油基金LOF(160416) 溢价率: 14.05% (阈值: 10.0%)
[2026-02-24 03:23:34] [溢价告警] 全球芯片LOF(501225) 溢价率: 14.13% (阈值: 10.0%)
[2026-02-24 03:26:04] [溢价告警] 南方原油LOF(501018) 溢价率: 19.13% (阈值: 10.0%)
[2026-02-24 05:41:37] [溢价告警] 国投白银LOF(161226) 溢价率: 39.06% (阈值: 10.0%)
[2026-02-24 05:41:55] [溢价告警] 原油LOF易方达(161129) 溢价率: 17.94% (阈值: 10.0%)
[2026-02-24 05:43:28] [溢价告警] 嘉实原油LOF(160723) 溢价率: 10.59% (阈值: 10.0%)
[2026-02-24 05:44:50] [溢价告警] 石油基金LOF(160416) 溢价率: 13.18% (阈值: 10.0%)
[2026-02-24 05:46:32] [溢价告警] 全球芯片LOF(501225) 溢价率: 14.13% (阈值: 10.0%)
[2026-02-24 05:48:41] [溢价告警] 南方原油LOF(501018) 溢价率: 18.30% (阈值: 10.0%)
[2026-02-25 03:19:35] [溢价告警] 国投白银LOF(161226) 溢价率: 35.95% (阈值: 10.0%)
[2026-02-25 03:19:58] [溢价告警] 原油LOF易方达(161129) 溢价率: 25.77% (阈值: 10.0%)
[2026-02-25 03:21:31] [溢价告警] 嘉实原油LOF(160723) 溢价率: 15.93% (阈值: 10.0%)
[2026-02-25 03:22:57] [溢价告警] 石油基金LOF(160416) 溢价率: 23.92% (阈值: 10.0%)
[2026-02-25 03:24:53] [溢价告警] 全球芯片LOF(501225) 溢价率: 13.47% (阈值: 10.0%)
[2026-02-25 03:27:27] [溢价告警] 南方原油LOF(501018) 溢价率: 26.73% (阈值: 10.0%)
[2026-02-25 05:43:28] [溢价告警] 国投白银LOF(161226) 溢价率: 37.57% (阈值: 10.0%)
[2026-02-25 05:43:47] [溢价告警] 原油LOF易方达(161129) 溢价率: 23.25% (阈值: 10.0%)
[2026-02-25 05:45:03] [溢价告警] 嘉实原油LOF(160723) 溢价率: 15.01% (阈值: 10.0%)
[2026-02-25 05:46:10] [溢价告警] 石油基金LOF(160416) 溢价率: 25.45% (阈值: 10.0%)
[2026-02-25 05:47:47] [溢价告警] 全球芯片LOF(501225) 溢价率: 13.43% (阈值: 10.0%)
[2026-02-25 05:49:57] [溢价告警] 南方原油LOF(501018) 溢价率: 26.07% (阈值: 10.0%)
[2026-02-26 03:14:37] [溢价告警] 国投白银LOF(161226) 溢价率: 32.19% (阈值: 10.0%)
[2026-02-26 03:14:54] [溢价告警] 原油LOF易方达(161129) 溢价率: 13.59% (阈值: 10.0%)
[2026-02-26 03:17:02] [溢价告警] 石油基金LOF(160416) 溢价率: 20.24% (阈值: 10.0%)
[2026-02-26 03:18:28] [溢价告警] 全球芯片LOF(501225) 溢价率: 11.13% (阈值: 10.0%)
[2026-02-26 03:20:12] [溢价告警] 南方原油LOF(501018) 溢价率: 13.18% (阈值: 10.0%)
[2026-02-26 05:38:58] [溢价告警] 国投白银LOF(161226) 溢价率: 36.47% (阈值: 10.0%)
[2026-02-26 05:39:12] [溢价告警] 原油LOF易方达(161129) 溢价率: 13.59% (阈值: 10.0%)
[2026-02-26 05:41:16] [溢价告警] 石油基金LOF(160416) 溢价率: 18.54% (阈值: 10.0%)
[2026-02-26 05:42:34] [溢价告警] 全球芯片LOF(501225) 溢价率: 12.21% (阈值: 10.0%)
[2026-02-26 05:43:35] [溢价告警] 南方原油LOF(501018) 溢价率: 14.21% (阈值: 10.0%)
[2026-02-27 03:11:10] [溢价告警] 国投白银LOF(161226) 溢价率: 34.36% (阈值: 10.0%)
[2026-02-27 03:11:23] [溢价告警] 原油LOF易方达(161129) 溢价率: 14.62% (阈值: 10.0%)
[2026-02-27 03:12:57] [溢价告警] 石油基金LOF(160416) 溢价率: 17.91% (阈值: 10.0%)
[2026-02-27 03:14:02] [溢价告警] 全球芯片LOF(501225) 溢价率: 11.64% (阈值: 10.0%)
[2026-02-27 03:15:30] [溢价告警] 南方原油LOF(501018) 溢价率: 14.69% (阈值: 10.0%)
[2026-02-27 05:24:09] [溢价告警] 国投白银LOF(161226) 溢价率: 33.85% (阈值: 10.0%)
[2026-02-27 05:24:26] [溢价告警] 原油LOF易方达(161129) 溢价率: 14.71% (阈值: 10.0%)
[2026-02-27 05:26:49] [溢价告警] 石油基金LOF(160416) 溢价率: 17.66% (阈值: 10.0%)
[2026-02-27 05:28:19] [溢价告警] 全球芯片LOF(501225) 溢价率: 13.49% (阈值: 10.0%)
[2026-02-27 05:30:28] [溢价告警] 南方原油LOF(501018) 溢价率: 14.37% (阈值: 10.0%)
[2026-02-28 02:41:55] [溢价告警] 国投白银LOF(161226) 溢价率: 37.85% (阈值: 10.0%)
[2026-02-28 02:42:08] [溢价告警] 原油LOF易方达(161129) 溢价率: 14.73% (阈值: 10.0%)
[2026-02-28 02:43:46] [溢价告警] 石油基金LOF(160416) 溢价率: 19.80% (阈值: 10.0%)
[2026-02-28 02:44:49] [溢价告警] 全球芯片LOF(501225) 溢价率: 16.34% (阈值: 10.0%)
[2026-02-28 02:46:20] [溢价告警] 南方原油LOF(501018) 溢价率: 14.84% (阈值: 10.0%)
[2026-02-28 05:08:25] [溢价告警] 国投白银LOF(161226) 溢价率: 37.85% (阈值: 10.0%)
[2026-02-28 05:08:46] [溢价告警] 原油LOF易方达(161129) 溢价率: 14.73% (阈值: 10.0%)
[2026-02-28 05:11:47] [溢价告警] 石油基金LOF(160416) 溢价率: 19.80% (阈值: 10.0%)
[2026-02-28 05:13:34] [溢价告警] 全球芯片LOF(501225) 溢价率: 16.34% (阈值: 10.0%)
[2026-02-28 05:16:13] [溢价告警] 南方原油LOF(501018) 溢价率: 14.84% (阈值: 10.0%)
[2026-03-01 03:27:57] [溢价告警] 国投白银LOF(161226) 溢价率: 37.85% (阈值: 10.0%)
[2026-03-01 03:28:03] [溢价告警] 原油LOF易方达(161129) 溢价率: 14.73% (阈值: 10.0%)
[2026-03-01 03:30:34] [溢价告警] 石油基金LOF(160416) 溢价率: 19.80% (阈值: 10.0%)
[2026-03-01 03:32:20] [溢价告警] 全球芯片LOF(501225) 溢价率: 16.34% (阈值: 10.0%)
[2026-03-01 03:34:49] [溢价告警] 南方原油LOF(501018) 溢价率: 14.84% (阈值: 10.0%)
[2026-03-01 05:35:04] [溢价告警] 国投白银LOF(161226) 溢价率: 37.85% (阈值: 10.0%)
[2026-03-01 05:35:15] [溢价告警] 原油LOF易方达(161129) 溢价率: 14.73% (阈值: 10.0%)
[2026-03-01 05:36:43] [溢价告警] 石油基金LOF(160416) 溢价率: 19.80% (阈值: 10.0%)
[2026-03-01 05:37:05] [溢价告警] 全球芯片LOF(501225) 溢价率: 16.34% (阈值: 10.0%)
[2026-03-01 05:37:38] [溢价告警] 南方原油LOF(501018) 溢价率: 14.84% (阈值: 10.0%)
[2026-03-02 03:14:14] [溢价告警] 国投白银LOF(161226) 溢价率: 49.40% (阈值: 10.0%)
[2026-03-02 03:14:33] [溢价告警] 原油LOF易方达(161129) 溢价率: 26.14% (阈值: 10.0%)
[2026-03-02 03:15:30] [溢价告警] 嘉实原油LOF(160723) 溢价率: 16.93% (阈值: 10.0%)
[2026-03-02 03:16:15] [溢价告警] 石油基金LOF(160416) 溢价率: 31.78% (阈值: 10.0%)
[2026-03-02 03:17:24] [溢价告警] 全球芯片LOF(501225) 溢价率: 14.59% (阈值: 10.0%)
[2026-03-02 03:18:56] [溢价告警] 南方原油LOF(501018) 溢价率: 25.85% (阈值: 10.0%)
[2026-03-02 05:24:04] [溢价告警] 国投白银LOF(161226) 溢价率: 48.80% (阈值: 10.0%)
[2026-03-02 05:24:21] [溢价告警] 原油LOF易方达(161129) 溢价率: 26.22% (阈值: 10.0%)
[2026-03-02 05:25:38] [溢价告警] 嘉实原油LOF(160723) 溢价率: 17.82% (阈值: 10.0%)
[2026-03-02 05:26:49] [溢价告警] 石油基金LOF(160416) 溢价率: 31.78% (阈值: 10.0%)
[2026-03-02 05:28:26] [溢价告警] 全球芯片LOF(501225) 溢价率: 15.29% (阈值: 10.0%)
[2026-03-02 05:30:31] [溢价告警] 南方原油LOF(501018) 溢价率: 26.33% (阈值: 10.0%)
[2026-03-03 03:16:27] [溢价告警] 全球油气能源LOF(163208) 溢价率: 17.55% (阈值: 10.0%)
[2026-03-03 03:16:52] [溢价告警] 石油LOF(162719) 溢价率: 18.94% (阈值: 10.0%)
[2026-03-03 03:17:13] [溢价告警] 华宝油气LOF(162411) 溢价率: 17.99% (阈值: 10.0%)
[2026-03-03 03:18:31] [溢价告警] 国投白银LOF(161226) 溢价率: 37.88% (阈值: 10.0%)
[2026-03-03 03:18:51] [溢价告警] 原油LOF易方达(161129) 溢价率: 37.92% (阈值: 10.0%)
[2026-03-03 03:20:28] [溢价告警] 嘉实原油LOF(160723) 溢价率: 28.61% (阈值: 10.0%)
[2026-03-03 03:21:32] [溢价告警] 石油基金LOF(160416) 溢价率: 43.58% (阈值: 10.0%)
[2026-03-03 03:22:58] [溢价告警] 军工LOF(502003) 溢价率: 18.75% (阈值: 10.0%)
[2026-03-03 03:23:17] [溢价告警] 全球芯片LOF(501225) 溢价率: 15.99% (阈值: 10.0%)
[2026-03-03 03:25:41] [溢价告警] 南方原油LOF(501018) 溢价率: 37.55% (阈值: 10.0%)
[2026-03-03 05:21:52] [溢价告警] 全球油气能源LOF(163208) 溢价率: 17.64% (阈值: 10.0%)
[2026-03-03 05:22:17] [溢价告警] 石油LOF(162719) 溢价率: 18.94% (阈值: 10.0%)
[2026-03-03 05:22:40] [溢价告警] 华宝油气LOF(162411) 溢价率: 18.35% (阈值: 10.0%)
[2026-03-03 05:23:55] [溢价告警] 国投白银LOF(161226) 溢价率: 35.97% (阈值: 10.0%)
[2026-03-03 05:24:13] [溢价告警] 原油LOF易方达(161129) 溢价率: 37.92% (阈值: 10.0%)
[2026-03-03 05:25:40] [溢价告警] 嘉实原油LOF(160723) 溢价率: 28.61% (阈值: 10.0%)
[2026-03-03 05:26:57] [溢价告警] 石油基金LOF(160416) 溢价率: 43.58% (阈值: 10.0%)
[2026-03-03 05:28:21] [溢价告警] 军工LOF(502003) 溢价率: 18.75% (阈值: 10.0%)
[2026-03-03 05:28:41] [溢价告警] 全球芯片LOF(501225) 溢价率: 15.23% (阈值: 10.0%)
[2026-03-03 05:30:57] [溢价告警] 南方原油LOF(501018) 溢价率: 37.55% (阈值: 10.0%)
[2026-03-04 02:52:31] [溢价告警] 石油LOF(162719) 溢价率: 16.37% (阈值: 10.0%)
[2026-03-04 02:52:50] [溢价告警] 华宝油气LOF(162411) 溢价率: 10.02% (阈值: 10.0%)
[2026-03-04 02:54:02] [溢价告警] 国投白银LOF(161226) 溢价率: 33.79% (阈值: 10.0%)
[2026-03-04 02:54:20] [溢价告警] 原油LOF易方达(161129) 溢价率: 34.65% (阈值: 10.0%)
[2026-03-04 02:55:40] [溢价告警] 嘉实原油LOF(160723) 溢价率: 23.81% (阈值: 10.0%)
[2026-03-04 02:57:00] [溢价告警] 石油基金LOF(160416) 溢价率: 47.85% (阈值: 10.0%)
[2026-03-04 02:58:27] [溢价告警] 军工LOF(502003) 溢价率: 13.99% (阈值: 10.0%)
[2026-03-04 03:01:09] [溢价告警] 南方原油LOF(501018) 溢价率: 34.05% (阈值: 10.0%)
[2026-03-04 05:16:06] [溢价告警] 石油LOF(162719) 溢价率: 14.74% (阈值: 10.0%)
[2026-03-04 05:17:31] [溢价告警] 国投白银LOF(161226) 溢价率: 32.46% (阈值: 10.0%)
[2026-03-04 05:17:48] [溢价告警] 原油LOF易方达(161129) 溢价率: 33.12% (阈值: 10.0%)
[2026-03-04 05:19:01] [溢价告警] 嘉实原油LOF(160723) 溢价率: 20.63% (阈值: 10.0%)
[2026-03-04 05:20:06] [溢价告警] 石油基金LOF(160416) 溢价率: 47.85% (阈值: 10.0%)
[2026-03-04 05:21:20] [溢价告警] 军工LOF(502003) 溢价率: 13.99% (阈值: 10.0%)
[2026-03-04 05:23:36] [溢价告警] 南方原油LOF(501018) 溢价率: 31.30% (阈值: 10.0%)
[2026-03-05 03:11:34] [溢价告警] 国投白银LOF(161226) 溢价率: 43.71% (阈值: 10.0%)
[2026-03-05 03:11:47] [溢价告警] 原油LOF易方达(161129) 溢价率: 26.21% (阈值: 10.0%)
[2026-03-05 03:12:39] [溢价告警] 嘉实原油LOF(160723) 溢价率: 12.57% (阈值: 10.0%)
[2026-03-05 03:13:26] [溢价告警] 石油基金LOF(160416) 溢价率: 38.64% (阈值: 10.0%)
[2026-03-05 03:14:35] [溢价告警] 全球芯片LOF(501225) 溢价率: 16.66% (阈值: 10.0%)
[2026-03-05 03:16:07] [溢价告警] 南方原油LOF(501018) 溢价率: 20.42% (阈值: 10.0%)
[2026-03-05 05:20:41] [溢价告警] 国投白银LOF(161226) 溢价率: 43.42% (阈值: 10.0%)
[2026-03-05 05:20:56] [溢价告警] 原油LOF易方达(161129) 溢价率: 27.33% (阈值: 10.0%)
[2026-03-05 05:22:05] [溢价告警] 嘉实原油LOF(160723) 溢价率: 14.74% (阈值: 10.0%)
[2026-03-05 05:23:08] [溢价告警] 石油基金LOF(160416) 溢价率: 44.19% (阈值: 10.0%)
[2026-03-05 05:24:32] [溢价告警] 全球芯片LOF(501225) 溢价率: 17.13% (阈值: 10.0%)
[2026-03-05 05:26:29] [溢价告警] 南方原油LOF(501018) 溢价率: 22.22% (阈值: 10.0%)
[2026-03-06 03:11:11] [溢价告警] 国投白银LOF(161226) 溢价率: 38.87% (阈值: 10.0%)
[2026-03-06 03:11:25] [溢价告警] 原油LOF易方达(161129) 溢价率: 19.70% (阈值: 10.0%)
[2026-03-06 03:13:04] [溢价告警] 石油基金LOF(160416) 溢价率: 28.74% (阈值: 10.0%)
[2026-03-06 03:14:15] [溢价告警] 全球芯片LOF(501225) 溢价率: 12.56% (阈值: 10.0%)
[2026-03-06 03:15:43] [溢价告警] 南方原油LOF(501018) 溢价率: 16.12% (阈值: 10.0%)
[2026-03-07 02:49:28] [溢价告警] 国投白银LOF(161226) 溢价率: 39.23% (阈值: 10.0%)
[2026-03-07 02:49:50] [溢价告警] 原油LOF易方达(161129) 溢价率: 13.19% (阈值: 10.0%)
[2026-03-07 02:53:00] [溢价告警] 石油基金LOF(160416) 溢价率: 21.73% (阈值: 10.0%)
[2026-03-07 02:54:58] [溢价告警] 全球芯片LOF(501225) 溢价率: 14.30% (阈值: 10.0%)
[2026-03-07 05:11:46] [溢价告警] 国投白银LOF(161226) 溢价率: 39.23% (阈值: 10.0%)
[2026-03-07 05:11:59] [溢价告警] 原油LOF易方达(161129) 溢价率: 13.19% (阈值: 10.0%)
[2026-03-07 05:14:26] [溢价告警] 石油基金LOF(160416) 溢价率: 21.73% (阈值: 10.0%)
[2026-03-07 05:16:02] [溢价告警] 全球芯片LOF(501225) 溢价率: 14.30% (阈值: 10.0%)
[2026-03-08 03:17:01] [溢价告警] 国投白银LOF(161226) 溢价率: 39.23% (阈值: 10.0%)
[2026-03-08 03:17:21] [溢价告警] 原油LOF易方达(161129) 溢价率: 13.19% (阈值: 10.0%)
[2026-03-08 03:20:21] [溢价告警] 石油基金LOF(160416) 溢价率: 21.73% (阈值: 10.0%)
[2026-03-08 03:22:12] [溢价告警] 全球芯片LOF(501225) 溢价率: 14.30% (阈值: 10.0%)
[2026-03-08 05:19:48] [溢价告警] 国投白银LOF(161226) 溢价率: 39.23% (阈值: 10.0%)
[2026-03-08 05:20:11] [溢价告警] 原油LOF易方达(161129) 溢价率: 13.19% (阈值: 10.0%)
[2026-03-08 05:23:09] [溢价告警] 石油基金LOF(160416) 溢价率: 21.73% (阈值: 10.0%)
[2026-03-08 05:25:09] [溢价告警] 全球芯片LOF(501225) 溢价率: 14.30% (阈值: 10.0%)
[2026-03-09 03:19:10] [溢价告警] 国投白银LOF(161226) 溢价率: 32.99% (阈值: 10.0%)
[2026-03-09 03:19:28] [溢价告警] 原油LOF易方达(161129) 溢价率: 24.52% (阈值: 10.0%)
[2026-03-09 03:20:52] [溢价告警] 嘉实原油LOF(160723) 溢价率: 16.93% (阈值: 10.0%)
[2026-03-09 03:22:06] [溢价告警] 石油基金LOF(160416) 溢价率: 30.71% (阈值: 10.0%)
[2026-03-09 03:26:11] [溢价告警] 南方原油LOF(501018) 溢价率: 20.68% (阈值: 10.0%)
[2026-03-09 05:29:14] [溢价告警] 国投白银LOF(161226) 溢价率: 33.78% (阈值: 10.0%)
[2026-03-09 05:29:33] [溢价告警] 原油LOF易方达(161129) 溢价率: 24.52% (阈值: 10.0%)
[2026-03-09 05:31:08] [溢价告警] 嘉实原油LOF(160723) 溢价率: 16.93% (阈值: 10.0%)
[2026-03-09 05:32:29] [溢价告警] 石油基金LOF(160416) 溢价率: 29.78% (阈值: 10.0%)
[2026-03-09 05:37:04] [溢价告警] 南方原油LOF(501018) 溢价率: 20.68% (阈值: 10.0%)
[2026-03-10 02:53:35] [溢价告警] 国投白银LOF(161226) 溢价率: 41.99% (阈值: 10.0%)
[2026-03-10 02:53:51] [溢价告警] 原油LOF易方达(161129) 溢价率: 10.79% (阈值: 10.0%)
[2026-03-10 02:56:30] [溢价告警] 石油基金LOF(160416) 溢价率: 14.00% (阈值: 10.0%)
[2026-03-10 02:58:09] [溢价告警] 全球芯片LOF(501225) 溢价率: 16.05% (阈值: 10.0%)
[2026-03-10 05:19:13] [溢价告警] 国投白银LOF(161226) 溢价率: 40.95% (阈值: 10.0%)
[2026-03-10 05:19:31] [溢价告警] 原油LOF易方达(161129) 溢价率: 12.50% (阈值: 10.0%)
[2026-03-10 05:21:56] [溢价告警] 石油基金LOF(160416) 溢价率: 14.10% (阈值: 10.0%)
[2026-03-10 05:23:29] [溢价告警] 全球芯片LOF(501225) 溢价率: 15.91% (阈值: 10.0%)
[2026-03-11 02:53:23] [溢价告警] 国投白银LOF(161226) 溢价率: 33.90% (阈值: 10.0%)
[2026-03-11 02:56:24] [溢价告警] 石油基金LOF(160416) 溢价率: 10.00% (阈值: 10.0%)
[2026-03-11 02:58:01] [溢价告警] 全球芯片LOF(501225) 溢价率: 12.37% (阈值: 10.0%)
[2026-03-11 05:19:55] [溢价告警] 国投白银LOF(161226) 溢价率: 33.43% (阈值: 10.0%)
[2026-03-11 05:23:29] [溢价告警] 全球芯片LOF(501225) 溢价率: 12.47% (阈值: 10.0%)
[2026-03-12 05:24:46] [溢价告警] 国投白银LOF(161226) 溢价率: 25.95% (阈值: 10.0%)
[2026-03-12 05:25:00] [溢价告警] 原油LOF易方达(161129) 溢价率: 15.28% (阈值: 10.0%)
[2026-03-12 05:26:18] [溢价告警] 嘉实原油LOF(160723) 溢价率: 11.43% (阈值: 10.0%)
[2026-03-12 05:27:17] [溢价告警] 石油基金LOF(160416) 溢价率: 14.62% (阈值: 10.0%)
[2026-03-12 05:30:39] [溢价告警] 南方原油LOF(501018) 溢价率: 12.99% (阈值: 10.0%)
[2026-03-13 03:11:58] [溢价告警] 国投白银LOF(161226) 溢价率: 29.80% (阈值: 10.0%)
[2026-03-13 03:12:12] [溢价告警] 原油LOF易方达(161129) 溢价率: 14.34% (阈值: 10.0%)
[2026-03-13 03:13:07] [溢价告警] 嘉实原油LOF(160723) 溢价率: 13.47% (阈值: 10.0%)
[2026-03-13 03:13:59] [溢价告警] 石油基金LOF(160416) 溢价率: 11.94% (阈值: 10.0%)
[2026-03-13 03:16:42] [溢价告警] 南方原油LOF(501018) 溢价率: 12.99% (阈值: 10.0%)
[2026-03-13 05:23:25] [溢价告警] 国投白银LOF(161226) 溢价率: 29.44% (阈值: 10.0%)
[2026-03-13 05:23:34] [溢价告警] 原油LOF易方达(161129) 溢价率: 13.75% (阈值: 10.0%)
[2026-03-13 05:25:10] [溢价告警] 嘉实原油LOF(160723) 溢价率: 13.14% (阈值: 10.0%)
[2026-03-13 05:26:35] [溢价告警] 石油基金LOF(160416) 溢价率: 10.88% (阈值: 10.0%)
[2026-03-13 05:30:57] [溢价告警] 南方原油LOF(501018) 溢价率: 12.54% (阈值: 10.0%)
[2026-03-14 02:56:16] [溢价告警] 国投白银LOF(161226) 溢价率: 28.88% (阈值: 10.0%)
[2026-03-14 03:01:45] [溢价告警] 全球芯片LOF(501225) 溢价率: 10.79% (阈值: 10.0%)
[2026-03-14 05:20:56] [溢价告警] 国投白银LOF(161226) 溢价率: 28.88% (阈值: 10.0%)
[2026-03-14 05:25:39] [溢价告警] 全球芯片LOF(501225) 溢价率: 10.79% (阈值: 10.0%)
[2026-03-15 03:36:36] [溢价告警] 国投白银LOF(161226) 溢价率: 28.88% (阈值: 10.0%)
[2026-03-15 03:41:00] [溢价告警] 全球芯片LOF(501225) 溢价率: 10.79% (阈值: 10.0%)
[2026-03-15 05:49:56] [溢价告警] 国投白银LOF(161226) 溢价率: 28.88% (阈值: 10.0%)
[2026-03-15 05:55:17] [溢价告警] 全球芯片LOF(501225) 溢价率: 10.79% (阈值: 10.0%)
[2026-03-16 03:38:59] [溢价告警] 国投白银LOF(161226) 溢价率: 20.20% (阈值: 10.0%)
[2026-03-16 03:39:22] [溢价告警] 原油LOF易方达(161129) 溢价率: 12.65% (阈值: 10.0%)
[2026-03-16 03:40:56] [溢价告警] 嘉实原油LOF(160723) 溢价率: 11.74% (阈值: 10.0%)
[2026-03-16 03:42:23] [溢价告警] 石油基金LOF(160416) 溢价率: 11.52% (阈值: 10.0%)
[2026-03-16 03:47:12] [溢价告警] 南方原油LOF(501018) 溢价率: 10.66% (阈值: 10.0%)
[2026-03-16 06:00:17] [溢价告警] 国投白银LOF(161226) 溢价率: 21.75% (阈值: 10.0%)
[2026-03-16 06:00:35] [溢价告警] 原油LOF易方达(161129) 溢价率: 12.34% (阈值: 10.0%)
[2026-03-16 06:02:00] [溢价告警] 嘉实原油LOF(160723) 溢价率: 11.79% (阈值: 10.0%)
[2026-03-16 06:03:30] [溢价告警] 石油基金LOF(160416) 溢价率: 10.27% (阈值: 10.0%)
[2026-03-16 06:05:21] [溢价告警] 全球芯片LOF(501225) 溢价率: 10.41% (阈值: 10.0%)
[2026-03-16 06:07:31] [溢价告警] 南方原油LOF(501018) 溢价率: 10.25% (阈值: 10.0%)
[2026-03-17 03:16:40] [溢价告警] 国投白银LOF(161226) 溢价率: 28.99% (阈值: 10.0%)
[2026-03-17 03:17:01] [溢价告警] 原油LOF易方达(161129) 溢价率: 16.92% (阈值: 10.0%)
[2026-03-17 03:18:28] [溢价告警] 嘉实原油LOF(160723) 溢价率: 17.74% (阈值: 10.0%)
[2026-03-17 03:21:39] [溢价告警] 全球芯片LOF(501225) 溢价率: 12.43% (阈值: 10.0%)
[2026-03-17 03:24:03] [溢价告警] 南方原油LOF(501018) 溢价率: 14.93% (阈值: 10.0%)
[2026-03-17 05:41:51] [溢价告警] 国投白银LOF(161226) 溢价率: 30.45% (阈值: 10.0%)
[2026-03-17 05:42:08] [溢价告警] 原油LOF易方达(161129) 溢价率: 18.98% (阈值: 10.0%)
[2026-03-17 05:43:33] [溢价告警] 嘉实原油LOF(160723) 溢价率: 20.89% (阈值: 10.0%)
[2026-03-17 05:46:42] [溢价告警] 全球芯片LOF(501225) 溢价率: 12.53% (阈值: 10.0%)
[2026-03-17 05:49:15] [溢价告警] 南方原油LOF(501018) 溢价率: 16.48% (阈值: 10.0%)
[2026-03-18 03:24:39] [溢价告警] 国投白银LOF(161226) 溢价率: 24.60% (阈值: 10.0%)
[2026-03-18 03:25:00] [溢价告警] 原油LOF易方达(161129) 溢价率: 23.13% (阈值: 10.0%)
[2026-03-18 03:26:47] [溢价告警] 嘉实原油LOF(160723) 溢价率: 24.29% (阈值: 10.0%)
[2026-03-18 03:28:07] [溢价告警] 石油基金LOF(160416) 溢价率: 13.29% (阈值: 10.0%)
[2026-03-18 03:32:41] [溢价告警] 南方原油LOF(501018) 溢价率: 23.24% (阈值: 10.0%)
[2026-03-18 05:44:13] [溢价告警] 国投白银LOF(161226) 溢价率: 24.90% (阈值: 10.0%)
[2026-03-18 05:44:27] [溢价告警] 原油LOF易方达(161129) 溢价率: 16.97% (阈值: 10.0%)
[2026-03-18 05:45:36] [溢价告警] 嘉实原油LOF(160723) 溢价率: 18.52% (阈值: 10.0%)
[2026-03-18 05:46:40] [溢价告警] 石油基金LOF(160416) 溢价率: 10.49% (阈值: 10.0%)
[2026-03-18 05:48:07] [溢价告警] 全球芯片LOF(501225) 溢价率: 10.05% (阈值: 10.0%)
[2026-03-18 05:50:04] [溢价告警] 南方原油LOF(501018) 溢价率: 19.49% (阈值: 10.0%)
[2026-03-19 03:25:01] [溢价告警] 国投白银LOF(161226) 溢价率: 21.32% (阈值: 10.0%)
[2026-03-19 03:25:23] [溢价告警] 原油LOF易方达(161129) 溢价率: 22.03% (阈值: 10.0%)
[2026-03-19 03:27:04] [溢价告警] 嘉实原油LOF(160723) 溢价率: 23.09% (阈值: 10.0%)
[2026-03-19 03:28:31] [溢价告警] 石油基金LOF(160416) 溢价率: 11.37% (阈值: 10.0%)
[2026-03-19 03:33:21] [溢价告警] 南方原油LOF(501018) 溢价率: 22.99% (阈值: 10.0%)
[2026-03-19 05:42:26] [溢价告警] 国投白银LOF(161226) 溢价率: 18.94% (阈值: 10.0%)
[2026-03-19 05:42:45] [溢价告警] 原油LOF易方达(161129) 溢价率: 23.06% (阈值: 10.0%)
[2026-03-19 05:44:06] [溢价告警] 嘉实原油LOF(160723) 溢价率: 24.19% (阈值: 10.0%)
[2026-03-19 05:45:20] [溢价告警] 石油基金LOF(160416) 溢价率: 13.24% (阈值: 10.0%)
[2026-03-19 05:49:30] [溢价告警] 南方原油LOF(501018) 溢价率: 24.43% (阈值: 10.0%)
[2026-03-20 03:13:42] [溢价告警] 国投白银LOF(161226) 溢价率: 27.57% (阈值: 10.0%)
[2026-03-20 03:13:57] [溢价告警] 原油LOF易方达(161129) 溢价率: 26.54% (阈值: 10.0%)
[2026-03-20 03:14:57] [溢价告警] 嘉实原油LOF(160723) 溢价率: 27.69% (阈值: 10.0%)
[2026-03-20 03:15:51] [溢价告警] 石油基金LOF(160416) 溢价率: 21.44% (阈值: 10.0%)
[2026-03-20 03:18:53] [溢价告警] 南方原油LOF(501018) 溢价率: 28.92% (阈值: 10.0%)
[2026-03-20 05:24:20] [溢价告警] 国投白银LOF(161226) 溢价率: 27.52% (阈值: 10.0%)
[2026-03-20 05:24:38] [溢价告警] 原油LOF易方达(161129) 溢价率: 28.60% (阈值: 10.0%)
[2026-03-20 05:26:10] [溢价告警] 嘉实原油LOF(160723) 溢价率: 29.60% (阈值: 10.0%)
[2026-03-20 05:27:11] [溢价告警] 石油基金LOF(160416) 溢价率: 23.04% (阈值: 10.0%)
[2026-03-20 05:31:03] [溢价告警] 南方原油LOF(501018) 溢价率: 31.51% (阈值: 10.0%)
[2026-03-21 02:52:50] [溢价告警] 国投白银LOF(161226) 溢价率: 36.88% (阈值: 10.0%)
[2026-03-21 02:53:09] [溢价告警] 原油LOF易方达(161129) 溢价率: 27.30% (阈值: 10.0%)
[2026-03-21 02:54:45] [溢价告警] 嘉实原油LOF(160723) 溢价率: 27.88% (阈值: 10.0%)
[2026-03-21 02:56:22] [溢价告警] 石油基金LOF(160416) 溢价率: 14.76% (阈值: 10.0%)
[2026-03-21 03:01:16] [溢价告警] 南方原油LOF(501018) 溢价率: 29.96% (阈值: 10.0%)
[2026-03-21 05:18:09] [溢价告警] 国投白银LOF(161226) 溢价率: 36.88% (阈值: 10.0%)
[2026-03-21 05:18:33] [溢价告警] 原油LOF易方达(161129) 溢价率: 27.30% (阈值: 10.0%)
[2026-03-21 05:20:11] [溢价告警] 嘉实原油LOF(160723) 溢价率: 27.88% (阈值: 10.0%)
[2026-03-21 05:22:08] [溢价告警] 石油基金LOF(160416) 溢价率: 14.76% (阈值: 10.0%)
[2026-03-21 05:26:45] [溢价告警] 南方原油LOF(501018) 溢价率: 29.96% (阈值: 10.0%)
[2026-03-22 03:25:18] [溢价告警] 国投白银LOF(161226) 溢价率: 36.88% (阈值: 10.0%)
[2026-03-22 03:25:39] [溢价告警] 原油LOF易方达(161129) 溢价率: 27.30% (阈值: 10.0%)
[2026-03-22 03:27:20] [溢价告警] 嘉实原油LOF(160723) 溢价率: 27.88% (阈值: 10.0%)
[2026-03-22 03:28:41] [溢价告警] 石油基金LOF(160416) 溢价率: 14.76% (阈值: 10.0%)
[2026-03-22 03:33:08] [溢价告警] 南方原油LOF(501018) 溢价率: 29.96% (阈值: 10.0%)
[2026-03-22 05:34:02] [溢价告警] 国投白银LOF(161226) 溢价率: 36.88% (阈值: 10.0%)
[2026-03-22 05:34:34] [溢价告警] 原油LOF易方达(161129) 溢价率: 27.30% (阈值: 10.0%)
[2026-03-22 05:36:37] [溢价告警] 嘉实原油LOF(160723) 溢价率: 27.88% (阈值: 10.0%)
[2026-03-22 05:38:12] [溢价告警] 石油基金LOF(160416) 溢价率: 14.76% (阈值: 10.0%)
[2026-03-22 05:43:02] [溢价告警] 南方原油LOF(501018) 溢价率: 29.96% (阈值: 10.0%)
[2026-03-23 03:28:26] [溢价告警] 国投白银LOF(161226) 溢价率: 23.22% (阈值: 10.0%)
[2026-03-23 03:28:48] [溢价告警] 原油LOF易方达(161129) 溢价率: 39.97% (阈值: 10.0%)
[2026-03-23 03:30:21] [溢价告警] 嘉实原油LOF(160723) 溢价率: 40.18% (阈值: 10.0%)
[2026-03-23 03:31:47] [溢价告警] 石油基金LOF(160416) 溢价率: 24.97% (阈值: 10.0%)
[2026-03-23 03:36:25] [溢价告警] 南方原油LOF(501018) 溢价率: 42.87% (阈值: 10.0%)
[2026-03-23 05:50:20] [溢价告警] 国投白银LOF(161226) 溢价率: 23.22% (阈值: 10.0%)
[2026-03-23 05:50:36] [溢价告警] 原油LOF易方达(161129) 溢价率: 40.02% (阈值: 10.0%)
[2026-03-23 05:51:52] [溢价告警] 嘉实原油LOF(160723) 溢价率: 40.66% (阈值: 10.0%)
[2026-03-23 05:52:56] [溢价告警] 石油基金LOF(160416) 溢价率: 24.92% (阈值: 10.0%)
[2026-03-23 05:56:45] [溢价告警] 南方原油LOF(501018) 溢价率: 42.98% (阈值: 10.0%)
[2026-03-24 03:13:43] [溢价告警] 煤炭LOF(168204) 溢价率: 19.38% (阈值: 10.0%)
[2026-03-24 03:15:45] [溢价告警] 石油LOF(162719) 溢价率: 14.89% (阈值: 10.0%)
[2026-03-24 03:17:27] [溢价告警] 国投白银LOF(161226) 溢价率: 29.94% (阈值: 10.0%)
[2026-03-24 03:17:46] [溢价告警] 原油LOF易方达(161129) 溢价率: 50.04% (阈值: 10.0%)
[2026-03-24 03:19:11] [溢价告警] 嘉实原油LOF(160723) 溢价率: 48.77% (阈值: 10.0%)
[2026-03-24 03:20:37] [溢价告警] 石油基金LOF(160416) 溢价率: 33.82% (阈值: 10.0%)
[2026-03-24 03:24:58] [溢价告警] 南方原油LOF(501018) 溢价率: 41.73% (阈值: 10.0%)
[2026-03-24 05:37:20] [溢价告警] 煤炭LOF(168204) 溢价率: 19.38% (阈值: 10.0%)
[2026-03-24 05:41:22] [溢价告警] 石油LOF(162719) 溢价率: 17.01% (阈值: 10.0%)
[2026-03-24 05:43:15] [溢价告警] 国投白银LOF(161226) 溢价率: 27.50% (阈值: 10.0%)
[2026-03-24 05:43:37] [溢价告警] 原油LOF易方达(161129) 溢价率: 50.22% (阈值: 10.0%)
[2026-03-24 05:45:19] [溢价告警] 嘉实原油LOF(160723) 溢价率: 48.62% (阈值: 10.0%)
[2026-03-24 05:46:56] [溢价告警] 石油基金LOF(160416) 溢价率: 35.76% (阈值: 10.0%)
[2026-03-24 05:51:30] [溢价告警] 南方原油LOF(501018) 溢价率: 41.73% (阈值: 10.0%)
[2026-03-25 03:22:54] [溢价告警] 国投白银LOF(161226) 溢价率: 38.90% (阈值: 10.0%)
[2026-03-25 03:23:13] [溢价告警] 原油LOF易方达(161129) 溢价率: 49.42% (阈值: 10.0%)
[2026-03-25 03:25:00] [溢价告警] 嘉实原油LOF(160723) 溢价率: 45.28% (阈值: 10.0%)
[2026-03-25 03:26:28] [溢价告警] 石油基金LOF(160416) 溢价率: 22.03% (阈值: 10.0%)
[2026-03-25 03:31:25] [溢价告警] 南方原油LOF(501018) 溢价率: 40.74% (阈值: 10.0%)
[2026-03-25 05:43:04] [溢价告警] 国投白银LOF(161226) 溢价率: 38.37% (阈值: 10.0%)
[2026-03-25 05:43:21] [溢价告警] 原油LOF易方达(161129) 溢价率: 48.93% (阈值: 10.0%)
[2026-03-25 05:44:48] [溢价告警] 嘉实原油LOF(160723) 溢价率: 45.88% (阈值: 10.0%)
[2026-03-25 05:46:06] [溢价告警] 石油基金LOF(160416) 溢价率: 21.15% (阈值: 10.0%)
[2026-03-25 05:50:29] [溢价告警] 南方原油LOF(501018) 溢价率: 41.44% (阈值: 10.0%)
[2026-03-26 03:31:13] [溢价告警] 国投白银LOF(161226) 溢价率: 33.08% (阈值: 10.0%)
[2026-03-26 03:31:32] [溢价告警] 原油LOF易方达(161129) 溢价率: 45.83% (阈值: 10.0%)
[2026-03-26 03:33:01] [溢价告警] 嘉实原油LOF(160723) 溢价率: 41.99% (阈值: 10.0%)
[2026-03-26 03:34:21] [溢价告警] 石油基金LOF(160416) 溢价率: 17.94% (阈值: 10.0%)
[2026-03-26 03:38:39] [溢价告警] 南方原油LOF(501018) 溢价率: 40.83% (阈值: 10.0%)
[2026-03-26 05:53:08] [溢价告警] 国投白银LOF(161226) 溢价率: 29.56% (阈值: 10.0%)
[2026-03-26 05:53:28] [溢价告警] 原油LOF易方达(161129) 溢价率: 46.08% (阈值: 10.0%)
[2026-03-26 05:55:01] [溢价告警] 嘉实原油LOF(160723) 溢价率: 42.64% (阈值: 10.0%)
[2026-03-26 05:56:32] [溢价告警] 石油基金LOF(160416) 溢价率: 22.07% (阈值: 10.0%)
[2026-03-26 06:01:03] [溢价告警] 南方原油LOF(501018) 溢价率: 41.06% (阈值: 10.0%)
[2026-03-27 03:32:05] [溢价告警] 石油LOF(162719) 溢价率: 16.96% (阈值: 10.0%)
[2026-03-27 03:33:53] [溢价告警] 国投白银LOF(161226) 溢价率: 30.17% (阈值: 10.0%)
[2026-03-27 03:34:15] [溢价告警] 原油LOF易方达(161129) 溢价率: 42.59% (阈值: 10.0%)
[2026-03-27 03:35:51] [溢价告警] 嘉实原油LOF(160723) 溢价率: 38.78% (阈值: 10.0%)
[2026-03-27 03:37:19] [溢价告警] 石油基金LOF(160416) 溢价率: 29.14% (阈值: 10.0%)
[2026-03-27 03:41:42] [溢价告警] 南方原油LOF(501018) 溢价率: 40.83% (阈值: 10.0%)
[2026-03-27 05:51:36] [溢价告警] 石油LOF(162719) 溢价率: 15.34% (阈值: 10.0%)
[2026-03-27 05:53:01] [溢价告警] 国投白银LOF(161226) 溢价率: 35.12% (阈值: 10.0%)
[2026-03-27 05:53:17] [溢价告警] 原油LOF易方达(161129) 溢价率: 42.84% (阈值: 10.0%)
[2026-03-27 05:54:29] [溢价告警] 嘉实原油LOF(160723) 溢价率: 38.16% (阈值: 10.0%)
[2026-03-27 05:55:39] [溢价告警] 石油基金LOF(160416) 溢价率: 26.55% (阈值: 10.0%)
[2026-03-27 05:59:16] [溢价告警] 南方原油LOF(501018) 溢价率: 42.20% (阈值: 10.0%)
[2026-03-28 03:19:09] [溢价告警] 石油LOF(162719) 溢价率: 17.16% (阈值: 10.0%)
[2026-03-28 03:21:05] [溢价告警] 国投白银LOF(161226) 溢价率: 37.99% (阈值: 10.0%)
[2026-03-28 03:21:26] [溢价告警] 原油LOF易方达(161129) 溢价率: 35.18% (阈值: 10.0%)
[2026-03-28 03:23:08] [溢价告警] 嘉实原油LOF(160723) 溢价率: 31.21% (阈值: 10.0%)
[2026-03-28 03:24:53] [溢价告警] 石油基金LOF(160416) 溢价率: 26.45% (阈值: 10.0%)
[2026-03-28 03:29:45] [溢价告警] 南方原油LOF(501018) 溢价率: 35.45% (阈值: 10.0%)
[2026-03-28 05:38:10] [溢价告警] 石油LOF(162719) 溢价率: 17.16% (阈值: 10.0%)
[2026-03-28 05:40:34] [溢价告警] 国投白银LOF(161226) 溢价率: 37.99% (阈值: 10.0%)
[2026-03-28 05:40:52] [溢价告警] 原油LOF易方达(161129) 溢价率: 35.18% (阈值: 10.0%)
[2026-03-28 05:42:48] [溢价告警] 嘉实原油LOF(160723) 溢价率: 31.21% (阈值: 10.0%)
[2026-03-28 05:44:17] [溢价告警] 石油基金LOF(160416) 溢价率: 26.45% (阈值: 10.0%)
[2026-03-28 05:48:46] [溢价告警] 南方原油LOF(501018) 溢价率: 35.45% (阈值: 10.0%)
[2026-03-29 03:38:15] [溢价告警] 石油LOF(162719) 溢价率: 17.16% (阈值: 10.0%)
[2026-03-29 03:40:14] [溢价告警] 国投白银LOF(161226) 溢价率: 37.99% (阈值: 10.0%)
[2026-03-29 03:40:37] [溢价告警] 原油LOF易方达(161129) 溢价率: 35.18% (阈值: 10.0%)
[2026-03-29 03:42:14] [溢价告警] 嘉实原油LOF(160723) 溢价率: 31.21% (阈值: 10.0%)
[2026-03-29 03:43:48] [溢价告警] 石油基金LOF(160416) 溢价率: 26.45% (阈值: 10.0%)
[2026-03-29 03:48:59] [溢价告警] 南方原油LOF(501018) 溢价率: 35.45% (阈值: 10.0%)
[2026-03-29 05:53:25] [溢价告警] 石油LOF(162719) 溢价率: 17.16% (阈值: 10.0%)
[2026-03-29 05:55:01] [溢价告警] 国投白银LOF(161226) 溢价率: 37.99% (阈值: 10.0%)
[2026-03-29 05:55:17] [溢价告警] 原油LOF易方达(161129) 溢价率: 35.18% (阈值: 10.0%)
[2026-03-29 05:56:50] [溢价告警] 嘉实原油LOF(160723) 溢价率: 31.21% (阈值: 10.0%)
[2026-03-29 05:57:54] [溢价告警] 石油基金LOF(160416) 溢价率: 26.45% (阈值: 10.0%)
[2026-03-29 06:01:59] [溢价告警] 南方原油LOF(501018) 溢价率: 35.45% (阈值: 10.0%)
[2026-03-30 03:44:35] [溢价告警] 石油LOF(162719) 溢价率: 24.29% (阈值: 10.0%)
[2026-03-30 03:44:42] [溢价告警] 华宝油气LOF(162411) 溢价率: 10.15% (阈值: 10.0%)
[2026-03-30 03:45:08] [溢价告警] 国投白银LOF(161226) 溢价率: 40.15% (阈值: 10.0%)
[2026-03-30 03:45:15] [溢价告警] 原油LOF易方达(161129) 溢价率: 38.58% (阈值: 10.0%)
[2026-03-30 03:46:47] [溢价告警] 嘉实原油LOF(160723) 溢价率: 33.68% (阈值: 10.0%)
[2026-03-30 03:48:14] [溢价告警] 石油基金LOF(160416) 溢价率: 31.79% (阈值: 10.0%)
[2026-03-30 03:53:04] [溢价告警] 南方原油LOF(501018) 溢价率: 38.65% (阈值: 10.0%)
[2026-03-30 06:09:49] [溢价告警] 石油LOF(162719) 溢价率: 25.47% (阈值: 10.0%)
[2026-03-30 06:10:16] [溢价告警] 华宝油气LOF(162411) 溢价率: 12.47% (阈值: 10.0%)
[2026-03-30 06:11:41] [溢价告警] 国投白银LOF(161226) 溢价率: 39.89% (阈值: 10.0%)
[2026-03-30 06:11:57] [溢价告警] 原油LOF易方达(161129) 溢价率: 37.57% (阈值: 10.0%)
[2026-03-30 06:13:30] [溢价告警] 嘉实原油LOF(160723) 溢价率: 32.54% (阈值: 10.0%)
[2026-03-30 06:14:58] [溢价告警] 石油基金LOF(160416) 溢价率: 32.37% (阈值: 10.0%)
[2026-03-30 06:19:39] [溢价告警] 南方原油LOF(501018) 溢价率: 37.73% (阈值: 10.0%)
[2026-03-31 03:32:04] [溢价告警] 石油LOF(162719) 溢价率: 29.42% (阈值: 10.0%)
[2026-03-31 03:32:26] [溢价告警] 华宝油气LOF(162411) 溢价率: 14.06% (阈值: 10.0%)
[2026-03-31 03:33:02] [溢价告警] 抗通胀LOF(161815) 溢价率: 13.08% (阈值: 10.0%)
[2026-03-31 03:33:55] [溢价告警] 国投白银LOF(161226) 溢价率: 38.26% (阈值: 10.0%)
[2026-03-31 03:34:23] [溢价告警] 原油LOF易方达(161129) 溢价率: 30.23% (阈值: 10.0%)
[2026-03-31 03:35:57] [溢价告警] 嘉实原油LOF(160723) 溢价率: 26.01% (阈值: 10.0%)
[2026-03-31 03:37:25] [溢价告警] 石油基金LOF(160416) 溢价率: 30.98% (阈值: 10.0%)
[2026-03-31 03:41:44] [溢价告警] 南方原油LOF(501018) 溢价率: 30.30% (阈值: 10.0%)
[2026-03-31 05:54:50] [溢价告警] 石油LOF(162719) 溢价率: 37.02% (阈值: 10.0%)
[2026-03-31 05:55:10] [溢价告警] 华宝油气LOF(162411) 溢价率: 18.33% (阈值: 10.0%)
[2026-03-31 05:55:41] [溢价告警] 抗通胀LOF(161815) 溢价率: 11.20% (阈值: 10.0%)
[2026-03-31 05:56:24] [溢价告警] 国投白银LOF(161226) 溢价率: 39.17% (阈值: 10.0%)
[2026-03-31 05:56:40] [溢价告警] 原油LOF易方达(161129) 溢价率: 31.16% (阈值: 10.0%)
[2026-03-31 05:57:54] [溢价告警] 嘉实原油LOF(160723) 溢价率: 26.88% (阈值: 10.0%)
[2026-03-31 05:59:07] [溢价告警] 石油基金LOF(160416) 溢价率: 33.43% (阈值: 10.0%)
[2026-03-31 06:02:58] [溢价告警] 南方原油LOF(501018) 溢价率: 30.86% (阈值: 10.0%)
[2026-04-01 03:47:18] [溢价告警] 石油LOF(162719) 溢价率: 27.96% (阈值: 10.0%)
[2026-04-01 03:48:13] [溢价告警] 抗通胀LOF(161815) 溢价率: 14.60% (阈值: 10.0%)
[2026-04-01 03:49:40] [溢价告警] 国投白银LOF(161226) 溢价率: 35.71% (阈值: 10.0%)
[2026-04-01 03:49:46] [溢价告警] 原油LOF易方达(161129) 溢价率: 18.54% (阈值: 10.0%)
[2026-04-01 03:51:24] [溢价告警] 嘉实原油LOF(160723) 溢价率: 17.11% (阈值: 10.0%)
[2026-04-01 03:51:42] [溢价告警] 高铁LOF(160639) 溢价率: 12.02% (阈值: 10.0%)
[2026-04-01 03:52:58] [溢价告警] 石油基金LOF(160416) 溢价率: 18.13% (阈值: 10.0%)
[2026-04-01 03:53:47] [溢价告警] 高铁基金LOF(160135) 溢价率: 13.29% (阈值: 10.0%)
[2026-04-01 03:54:59] [溢价告警] 全球芯片LOF(501225) 溢价率: 12.19% (阈值: 10.0%)
[2026-04-01 03:57:54] [溢价告警] 南方原油LOF(501018) 溢价率: 19.62% (阈值: 10.0%)
[2026-04-01 06:06:49] [溢价告警] 石油LOF(162719) 溢价率: 15.70% (阈值: 10.0%)
[2026-04-01 06:07:42] [溢价告警] 抗通胀LOF(161815) 溢价率: 16.04% (阈值: 10.0%)
[2026-04-01 06:08:31] [溢价告警] 国投白银LOF(161226) 溢价率: 38.21% (阈值: 10.0%)
[2026-04-01 06:08:49] [溢价告警] 原油LOF易方达(161129) 溢价率: 12.65% (阈值: 10.0%)
[2026-04-01 06:10:21] [溢价告警] 嘉实原油LOF(160723) 溢价率: 10.61% (阈值: 10.0%)
[2026-04-01 06:11:42] [溢价告警] 石油基金LOF(160416) 溢价率: 10.22% (阈值: 10.0%)
[2026-04-01 06:12:24] [溢价告警] 高铁基金LOF(160135) 溢价率: 13.10% (阈值: 10.0%)
[2026-04-01 06:13:31] [溢价告警] 全球芯片LOF(501225) 溢价率: 12.34% (阈值: 10.0%)
[2026-04-01 06:15:51] [溢价告警] 南方原油LOF(501018) 溢价率: 13.55% (阈值: 10.0%)
[2026-04-02 03:29:11] [溢价告警] 石油LOF(162719) 溢价率: 21.37% (阈值: 10.0%)
[2026-04-02 03:30:32] [溢价告警] 抗通胀LOF(161815) 溢价率: 25.23% (阈值: 10.0%)
[2026-04-02 03:31:16] [溢价告警] 国投白银LOF(161226) 溢价率: 33.77% (阈值: 10.0%)
[2026-04-02 03:31:39] [溢价告警] 原油LOF易方达(161129) 溢价率: 21.07% (阈值: 10.0%)
[2026-04-02 03:33:19] [溢价告警] 嘉实原油LOF(160723) 溢价率: 19.78% (阈值: 10.0%)
[2026-04-02 03:34:53] [溢价告警] 石油基金LOF(160416) 溢价率: 15.76% (阈值: 10.0%)
[2026-04-02 03:39:46] [溢价告警] 南方原油LOF(501018) 溢价率: 22.14% (阈值: 10.0%)
[2026-04-02 05:52:34] [溢价告警] 石油LOF(162719) 溢价率: 24.59% (阈值: 10.0%)
[2026-04-02 05:53:54] [溢价告警] 抗通胀LOF(161815) 溢价率: 24.22% (阈值: 10.0%)
[2026-04-02 05:54:37] [溢价告警] 国投白银LOF(161226) 溢价率: 29.47% (阈值: 10.0%)
[2026-04-02 05:54:59] [溢价告警] 原油LOF易方达(161129) 溢价率: 24.80% (阈值: 10.0%)
[2026-04-02 05:56:48] [溢价告警] 嘉实原油LOF(160723) 溢价率: 22.48% (阈值: 10.0%)
[2026-04-02 05:58:38] [溢价告警] 石油基金LOF(160416) 溢价率: 19.39% (阈值: 10.0%)
[2026-04-02 06:03:49] [溢价告警] 南方原油LOF(501018) 溢价率: 25.10% (阈值: 10.0%)
[2026-04-03 03:30:55] [溢价告警] 全球油气能源LOF(163208) 溢价率: 11.29% (阈值: 10.0%)
[2026-04-03 03:31:24] [溢价告警] 石油LOF(162719) 溢价率: 32.43% (阈值: 10.0%)
[2026-04-03 03:31:45] [溢价告警] 华宝油气LOF(162411) 溢价率: 10.16% (阈值: 10.0%)
[2026-04-03 03:32:22] [溢价告警] 抗通胀LOF(161815) 溢价率: 10.08% (阈值: 10.0%)
[2026-04-03 03:33:16] [溢价告警] 国投白银LOF(161226) 溢价率: 32.53% (阈值: 10.0%)
[2026-04-03 03:33:40] [溢价告警] 原油LOF易方达(161129) 溢价率: 37.68% (阈值: 10.0%)
[2026-04-03 03:35:52] [溢价告警] 嘉实原油LOF(160723) 溢价率: 35.85% (阈值: 10.0%)
[2026-04-03 03:36:54] [溢价告警] 石油基金LOF(160416) 溢价率: 28.77% (阈值: 10.0%)
[2026-04-03 03:41:50] [溢价告警] 南方原油LOF(501018) 溢价率: 39.04% (阈值: 10.0%)
[2026-04-03 05:53:19] [溢价告警] 国投白银LOF(161226) 溢价率: 33.06% (阈值: 10.0%)
[2026-04-03 05:53:37] [溢价告警] 原油LOF易方达(161129) 溢价率: 33.82% (阈值: 10.0%)
[2026-04-03 05:54:59] [溢价告警] 嘉实原油LOF(160723) 溢价率: 32.66% (阈值: 10.0%)
[2026-04-03 05:56:16] [溢价告警] 石油基金LOF(160416) 溢价率: 23.14% (阈值: 10.0%)
[2026-04-03 06:00:14] [溢价告警] 南方原油LOF(501018) 溢价率: 36.16% (阈值: 10.0%)
[2026-04-04 03:18:37] [溢价告警] 石油LOF(162719) 溢价率: 23.46% (阈值: 10.0%)
[2026-04-04 03:20:34] [溢价告警] 国投白银LOF(161226) 溢价率: 36.64% (阈值: 10.0%)
[2026-04-04 03:20:48] [溢价告警] 原油LOF易方达(161129) 溢价率: 29.40% (阈值: 10.0%)
[2026-04-04 03:22:37] [溢价告警] 嘉实原油LOF(160723) 溢价率: 27.85% (阈值: 10.0%)
[2026-04-04 03:24:13] [溢价告警] 石油基金LOF(160416) 溢价率: 24.64% (阈值: 10.0%)
[2026-04-04 05:38:46] [溢价告警] 石油LOF(162719) 溢价率: 23.46% (阈值: 10.0%)
[2026-04-04 05:41:01] [溢价告警] 国投白银LOF(161226) 溢价率: 36.64% (阈值: 10.0%)
[2026-04-04 05:41:25] [溢价告警] 原油LOF易方达(161129) 溢价率: 29.40% (阈值: 10.0%)
[2026-04-04 05:43:09] [溢价告警] 嘉实原油LOF(160723) 溢价率: 27.85% (阈值: 10.0%)
[2026-04-04 05:44:46] [溢价告警] 石油基金LOF(160416) 溢价率: 24.64% (阈值: 10.0%)
[2026-04-04 05:50:18] [溢价告警] 南方原油LOF(501018) 溢价率: 30.99% (阈值: 10.0%)
[2026-04-05 03:40:06] [溢价告警] 石油LOF(162719) 溢价率: 23.46% (阈值: 10.0%)
[2026-04-05 03:42:08] [溢价告警] 国投白银LOF(161226) 溢价率: 36.64% (阈值: 10.0%)
[2026-04-05 03:42:28] [溢价告警] 原油LOF易方达(161129) 溢价率: 29.40% (阈值: 10.0%)
[2026-04-05 03:44:18] [溢价告警] 嘉实原油LOF(160723) 溢价率: 27.85% (阈值: 10.0%)
[2026-04-05 03:45:50] [溢价告警] 石油基金LOF(160416) 溢价率: 24.64% (阈值: 10.0%)
[2026-04-05 03:50:42] [溢价告警] 南方原油LOF(501018) 溢价率: 30.99% (阈值: 10.0%)
[2026-04-05 05:55:31] [溢价告警] 石油LOF(162719) 溢价率: 23.46% (阈值: 10.0%)
[2026-04-05 05:57:06] [溢价告警] 国投白银LOF(161226) 溢价率: 36.64% (阈值: 10.0%)
[2026-04-05 05:57:26] [溢价告警] 原油LOF易方达(161129) 溢价率: 29.40% (阈值: 10.0%)
[2026-04-05 05:59:00] [溢价告警] 嘉实原油LOF(160723) 溢价率: 27.85% (阈值: 10.0%)
[2026-04-05 06:00:24] [溢价告警] 石油基金LOF(160416) 溢价率: 24.64% (阈值: 10.0%)
[2026-04-05 06:04:59] [溢价告警] 南方原油LOF(501018) 溢价率: 30.99% (阈值: 10.0%)
[2026-04-06 03:43:01] [溢价告警] 石油LOF(162719) 溢价率: 23.46% (阈值: 10.0%)
[2026-04-06 03:44:46] [溢价告警] 国投白银LOF(161226) 溢价率: 36.64% (阈值: 10.0%)
[2026-04-06 03:45:08] [溢价告警] 原油LOF易方达(161129) 溢价率: 29.40% (阈值: 10.0%)
[2026-04-06 03:46:53] [溢价告警] 嘉实原油LOF(160723) 溢价率: 27.85% (阈值: 10.0%)
[2026-04-06 03:48:22] [溢价告警] 石油基金LOF(160416) 溢价率: 24.64% (阈值: 10.0%)
[2026-04-06 03:53:22] [溢价告警] 南方原油LOF(501018) 溢价率: 30.99% (阈值: 10.0%)
[2026-04-06 06:10:50] [溢价告警] 石油LOF(162719) 溢价率: 23.46% (阈值: 10.0%)
[2026-04-06 06:12:47] [溢价告警] 国投白银LOF(161226) 溢价率: 36.64% (阈值: 10.0%)
[2026-04-06 06:13:13] [溢价告警] 原油LOF易方达(161129) 溢价率: 29.40% (阈值: 10.0%)
[2026-04-06 06:14:59] [溢价告警] 嘉实原油LOF(160723) 溢价率: 27.85% (阈值: 10.0%)
[2026-04-06 06:16:35] [溢价告警] 石油基金LOF(160416) 溢价率: 24.64% (阈值: 10.0%)
[2026-04-06 06:21:43] [溢价告警] 南方原油LOF(501018) 溢价率: 30.99% (阈值: 10.0%)
[2026-04-07 03:32:56] [溢价告警] 石油LOF(162719) 溢价率: 25.43% (阈值: 10.0%)
[2026-04-07 03:34:39] [溢价告警] 国投白银LOF(161226) 溢价率: 36.54% (阈值: 10.0%)
[2026-04-07 03:35:02] [溢价告警] 原油LOF易方达(161129) 溢价率: 35.25% (阈值: 10.0%)
[2026-04-07 03:36:36] [溢价告警] 嘉实原油LOF(160723) 溢价率: 32.37% (阈值: 10.0%)
[2026-04-07 03:37:59] [溢价告警] 石油基金LOF(160416) 溢价率: 27.89% (阈值: 10.0%)
[2026-04-07 03:42:27] [溢价告警] 南方原油LOF(501018) 溢价率: 36.79% (阈值: 10.0%)
[2026-04-07 05:57:20] [溢价告警] 石油LOF(162719) 溢价率: 24.34% (阈值: 10.0%)
[2026-04-07 05:58:47] [溢价告警] 国投白银LOF(161226) 溢价率: 36.39% (阈值: 10.0%)
[2026-04-07 05:59:03] [溢价告警] 原油LOF易方达(161129) 溢价率: 37.24% (阈值: 10.0%)
[2026-04-07 06:00:20] [溢价告警] 嘉实原油LOF(160723) 溢价率: 32.76% (阈值: 10.0%)
[2026-04-07 06:01:29] [溢价告警] 石油基金LOF(160416) 溢价率: 27.25% (阈值: 10.0%)
[2026-04-07 06:05:11] [溢价告警] 南方原油LOF(501018) 溢价率: 37.45% (阈值: 10.0%)
[2026-04-08 03:35:02] [溢价告警] 石油LOF(162719) 溢价率: 10.33% (阈值: 10.0%)
[2026-04-08 03:36:52] [溢价告警] 国投白银LOF(161226) 溢价率: 44.47% (阈值: 10.0%)
[2026-04-08 03:37:11] [溢价告警] 原油LOF易方达(161129) 溢价率: 27.05% (阈值: 10.0%)
[2026-04-08 03:38:57] [溢价告警] 嘉实原油LOF(160723) 溢价率: 22.27% (阈值: 10.0%)
[2026-04-08 03:40:14] [溢价告警] 石油基金LOF(160416) 溢价率: 14.23% (阈值: 10.0%)
[2026-04-08 03:42:13] [溢价告警] 全球芯片LOF(501225) 溢价率: 12.09% (阈值: 10.0%)
[2026-04-08 03:45:11] [溢价告警] 南方原油LOF(501018) 溢价率: 27.44% (阈值: 10.0%)
[2026-04-08 05:59:13] [溢价告警] 石油LOF(162719) 溢价率: 10.33% (阈值: 10.0%)
[2026-04-08 06:01:16] [溢价告警] 国投白银LOF(161226) 溢价率: 47.82% (阈值: 10.0%)
[2026-04-08 06:01:38] [溢价告警] 原油LOF易方达(161129) 溢价率: 27.05% (阈值: 10.0%)
[2026-04-08 06:03:21] [溢价告警] 嘉实原油LOF(160723) 溢价率: 22.27% (阈值: 10.0%)
[2026-04-08 06:04:59] [溢价告警] 石油基金LOF(160416) 溢价率: 14.23% (阈值: 10.0%)
[2026-04-08 06:07:03] [溢价告警] 全球芯片LOF(501225) 溢价率: 12.80% (阈值: 10.0%)
[2026-04-08 06:09:46] [溢价告警] 南方原油LOF(501018) 溢价率: 27.44% (阈值: 10.0%)
[2026-04-09 03:30:39] [溢价告警] 石油LOF(162719) 溢价率: 11.33% (阈值: 10.0%)
[2026-04-09 03:32:23] [溢价告警] 国投白银LOF(161226) 溢价率: 40.09% (阈值: 10.0%)
[2026-04-09 03:32:44] [溢价告警] 原油LOF易方达(161129) 溢价率: 32.68% (阈值: 10.0%)
[2026-04-09 03:34:13] [溢价告警] 嘉实原油LOF(160723) 溢价率: 23.03% (阈值: 10.0%)
[2026-04-09 03:35:32] [溢价告警] 石油基金LOF(160416) 溢价率: 16.81% (阈值: 10.0%)
[2026-04-09 03:37:28] [溢价告警] 全球芯片LOF(501225) 溢价率: 13.27% (阈值: 10.0%)
[2026-04-09 03:39:55] [溢价告警] 南方原油LOF(501018) 溢价率: 30.61% (阈值: 10.0%)
[2026-04-09 06:00:14] [溢价告警] 石油LOF(162719) 溢价率: 11.47% (阈值: 10.0%)
[2026-04-09 06:02:00] [溢价告警] 国投白银LOF(161226) 溢价率: 39.89% (阈值: 10.0%)
[2026-04-09 06:02:15] [溢价告警] 原油LOF易方达(161129) 溢价率: 33.48% (阈值: 10.0%)
[2026-04-09 06:03:35] [溢价告警] 嘉实原油LOF(160723) 溢价率: 25.08% (阈值: 10.0%)
[2026-04-09 06:04:51] [溢价告警] 石油基金LOF(160416) 溢价率: 16.72% (阈值: 10.0%)
[2026-04-09 06:06:39] [溢价告警] 全球芯片LOF(501225) 溢价率: 12.80% (阈值: 10.0%)
[2026-04-09 06:09:07] [溢价告警] 南方原油LOF(501018) 溢价率: 32.33% (阈值: 10.0%)
[2026-04-10 06:10:38] [溢价告警] 国投白银LOF(161226) 溢价率: 37.42% (阈值: 10.0%)
[2026-04-10 06:10:54] [溢价告警] 原油LOF易方达(161129) 溢价率: 39.21% (阈值: 10.0%)
[2026-04-10 06:12:13] [溢价告警] 嘉实原油LOF(160723) 溢价率: 25.52% (阈值: 10.0%)
[2026-04-10 06:13:21] [溢价告警] 石油基金LOF(160416) 溢价率: 14.59% (阈值: 10.0%)
[2026-04-10 06:14:47] [溢价告警] 全球芯片LOF(501225) 溢价率: 11.17% (阈值: 10.0%)
[2026-04-10 06:16:56] [溢价告警] 南方原油LOF(501018) 溢价率: 34.70% (阈值: 10.0%)
[2026-04-11 03:24:02] [溢价告警] 国投白银LOF(161226) 溢价率: 36.34% (阈值: 10.0%)
[2026-04-11 03:24:22] [溢价告警] 原油LOF易方达(161129) 溢价率: 35.70% (阈值: 10.0%)
[2026-04-11 03:26:05] [溢价告警] 嘉实原油LOF(160723) 溢价率: 22.04% (阈值: 10.0%)
[2026-04-11 03:27:37] [溢价告警] 石油基金LOF(160416) 溢价率: 16.10% (阈值: 10.0%)
[2026-04-11 03:32:39] [溢价告警] 南方原油LOF(501018) 溢价率: 30.12% (阈值: 10.0%)
[2026-04-11 05:43:39] [溢价告警] 国投白银LOF(161226) 溢价率: 36.34% (阈值: 10.0%)
[2026-04-11 05:43:57] [溢价告警] 原油LOF易方达(161129) 溢价率: 35.70% (阈值: 10.0%)
[2026-04-11 05:45:24] [溢价告警] 嘉实原油LOF(160723) 溢价率: 22.04% (阈值: 10.0%)
[2026-04-11 05:46:37] [溢价告警] 石油基金LOF(160416) 溢价率: 16.10% (阈值: 10.0%)
[2026-04-11 05:50:59] [溢价告警] 南方原油LOF(501018) 溢价率: 30.12% (阈值: 10.0%)
[2026-04-12 03:53:29] [溢价告警] 国投白银LOF(161226) 溢价率: 36.34% (阈值: 10.0%)
[2026-04-12 03:53:55] [溢价告警] 原油LOF易方达(161129) 溢价率: 35.70% (阈值: 10.0%)
[2026-04-12 03:55:58] [溢价告警] 嘉实原油LOF(160723) 溢价率: 22.04% (阈值: 10.0%)
[2026-04-12 03:57:51] [溢价告警] 石油基金LOF(160416) 溢价率: 16.10% (阈值: 10.0%)
[2026-04-12 04:03:21] [溢价告警] 南方原油LOF(501018) 溢价率: 30.12% (阈值: 10.0%)
[2026-04-12 06:07:37] [溢价告警] 国投白银LOF(161226) 溢价率: 36.34% (阈值: 10.0%)
[2026-04-12 06:07:57] [溢价告警] 原油LOF易方达(161129) 溢价率: 35.70% (阈值: 10.0%)
[2026-04-12 06:09:55] [溢价告警] 嘉实原油LOF(160723) 溢价率: 22.04% (阈值: 10.0%)
[2026-04-12 06:11:39] [溢价告警] 石油基金LOF(160416) 溢价率: 16.10% (阈值: 10.0%)
[2026-04-12 06:16:53] [溢价告警] 南方原油LOF(501018) 溢价率: 30.12% (阈值: 10.0%)
[2026-04-13 03:55:07] [溢价告警] 石油LOF(162719) 溢价率: 15.20% (阈值: 10.0%)
[2026-04-13 03:57:09] [溢价告警] 国投白银LOF(161226) 溢价率: 33.68% (阈值: 10.0%)
[2026-04-13 03:57:29] [溢价告警] 原油LOF易方达(161129) 溢价率: 43.87% (阈值: 10.0%)
[2026-04-13 03:59:11] [溢价告警] 嘉实原油LOF(160723) 溢价率: 29.62% (阈值: 10.0%)
[2026-04-13 04:00:40] [溢价告警] 石油基金LOF(160416) 溢价率: 22.83% (阈值: 10.0%)
[2026-04-13 04:02:43] [溢价告警] 全球芯片LOF(501225) 溢价率: 10.62% (阈值: 10.0%)
[2026-04-13 04:05:18] [溢价告警] 南方原油LOF(501018) 溢价率: 38.31% (阈值: 10.0%)
[2026-04-13 06:28:14] [溢价告警] 石油LOF(162719) 溢价率: 13.71% (阈值: 10.0%)
[2026-04-13 06:29:31] [溢价告警] 国投白银LOF(161226) 溢价率: 34.20% (阈值: 10.0%)
[2026-04-13 06:29:46] [溢价告警] 原油LOF易方达(161129) 溢价率: 41.65% (阈值: 10.0%)
[2026-04-13 06:30:50] [溢价告警] 嘉实原油LOF(160723) 溢价率: 29.82% (阈值: 10.0%)
[2026-04-13 06:31:58] [溢价告警] 石油基金LOF(160416) 溢价率: 21.70% (阈值: 10.0%)
[2026-04-13 06:33:36] [溢价告警] 全球芯片LOF(501225) 溢价率: 10.53% (阈值: 10.0%)
[2026-04-13 06:35:33] [溢价告警] 南方原油LOF(501018) 溢价率: 37.38% (阈值: 10.0%)
[2026-04-14 03:44:51] [溢价告警] 国投白银LOF(161226) 溢价率: 34.90% (阈值: 10.0%)
[2026-04-14 03:45:13] [溢价告警] 原油LOF易方达(161129) 溢价率: 35.02% (阈值: 10.0%)
[2026-04-14 03:47:09] [溢价告警] 嘉实原油LOF(160723) 溢价率: 28.79% (阈值: 10.0%)
[2026-04-14 03:48:10] [溢价告警] 石油基金LOF(160416) 溢价率: 17.97% (阈值: 10.0%)
[2026-04-14 03:50:15] [溢价告警] 全球芯片LOF(501225) 溢价率: 15.21% (阈值: 10.0%)
[2026-04-14 03:51:01] [溢价告警] 科创国寿LOF(501097) 溢价率: 12.90% (阈值: 10.0%)
[2026-04-14 03:52:47] [溢价告警] 南方原油LOF(501018) 溢价率: 33.92% (阈值: 10.0%)
[2026-04-14 06:13:56] [溢价告警] 国投白银LOF(161226) 溢价率: 35.04% (阈值: 10.0%)
[2026-04-14 06:14:14] [溢价告警] 原油LOF易方达(161129) 溢价率: 34.96% (阈值: 10.0%)
[2026-04-14 06:15:43] [溢价告警] 嘉实原油LOF(160723) 溢价率: 29.25% (阈值: 10.0%)
[2026-04-14 06:17:05] [溢价告警] 石油基金LOF(160416) 溢价率: 17.17% (阈值: 10.0%)
[2026-04-14 06:18:59] [溢价告警] 全球芯片LOF(501225) 溢价率: 15.26% (阈值: 10.0%)
[2026-04-14 06:19:51] [溢价告警] 科创国寿LOF(501097) 溢价率: 12.90% (阈值: 10.0%)
[2026-04-14 06:21:29] [溢价告警] 南方原油LOF(501018) 溢价率: 33.51% (阈值: 10.0%)
[2026-04-15 03:43:07] [溢价告警] 国投白银LOF(161226) 溢价率: 38.29% (阈值: 10.0%)
[2026-04-15 03:43:27] [溢价告警] 原油LOF易方达(161129) 溢价率: 27.84% (阈值: 10.0%)
[2026-04-15 03:45:03] [溢价告警] 嘉实原油LOF(160723) 溢价率: 23.66% (阈值: 10.0%)
[2026-04-15 03:46:30] [溢价告警] 石油基金LOF(160416) 溢价率: 13.81% (阈值: 10.0%)
[2026-04-15 03:48:44] [溢价告警] 全球芯片LOF(501225) 溢价率: 15.86% (阈值: 10.0%)
[2026-04-15 03:49:40] [溢价告警] 科创国寿LOF(501097) 溢价率: 18.42% (阈值: 10.0%)
[2026-04-15 03:51:21] [溢价告警] 南方原油LOF(501018) 溢价率: 28.38% (阈值: 10.0%)
[2026-04-15 06:12:50] [溢价告警] 国投白银LOF(161226) 溢价率: 37.01% (阈值: 10.0%)
[2026-04-15 06:13:07] [溢价告警] 原油LOF易方达(161129) 溢价率: 26.11% (阈值: 10.0%)
[2026-04-15 06:14:30] [溢价告警] 嘉实原油LOF(160723) 溢价率: 21.63% (阈值: 10.0%)
[2026-04-15 06:15:49] [溢价告警] 石油基金LOF(160416) 溢价率: 12.49% (阈值: 10.0%)
[2026-04-15 06:17:40] [溢价告警] 全球芯片LOF(501225) 溢价率: 15.82% (阈值: 10.0%)
[2026-04-15 06:18:30] [溢价告警] 科创国寿LOF(501097) 溢价率: 23.23% (阈值: 10.0%)
[2026-04-15 06:20:00] [溢价告警] 南方原油LOF(501018) 溢价率: 27.13% (阈值: 10.0%)
[2026-04-16 03:51:25] [溢价告警] 国投白银LOF(161226) 溢价率: 30.33% (阈值: 10.0%)
[2026-04-16 03:51:45] [溢价告警] 原油LOF易方达(161129) 溢价率: 27.91% (阈值: 10.0%)
[2026-04-16 03:53:24] [溢价告警] 嘉实原油LOF(160723) 溢价率: 24.50% (阈值: 10.0%)
[2026-04-16 03:55:02] [溢价告警] 石油基金LOF(160416) 溢价率: 14.09% (阈值: 10.0%)
[2026-04-16 03:56:50] [溢价告警] 全球芯片LOF(501225) 溢价率: 13.19% (阈值: 10.0%)
[2026-04-16 03:57:51] [溢价告警] 科创国寿LOF(501097) 溢价率: 12.00% (阈值: 10.0%)
[2026-04-16 03:59:47] [溢价告警] 南方原油LOF(501018) 溢价率: 31.16% (阈值: 10.0%)
[2026-04-16 06:16:58] [溢价告警] 国投白银LOF(161226) 溢价率: 30.55% (阈值: 10.0%)
[2026-04-16 06:17:17] [溢价告警] 原油LOF易方达(161129) 溢价率: 24.72% (阈值: 10.0%)
[2026-04-16 06:18:47] [溢价告警] 嘉实原油LOF(160723) 溢价率: 21.95% (阈值: 10.0%)
[2026-04-16 06:20:15] [溢价告警] 石油基金LOF(160416) 溢价率: 13.42% (阈值: 10.0%)
[2026-04-16 06:22:07] [溢价告警] 全球芯片LOF(501225) 溢价率: 13.39% (阈值: 10.0%)
[2026-04-16 06:22:59] [溢价告警] 科创国寿LOF(501097) 溢价率: 12.00% (阈值: 10.0%)
[2026-04-16 06:24:39] [溢价告警] 南方原油LOF(501018) 溢价率: 29.46% (阈值: 10.0%)
[2026-04-17 03:48:23] [溢价告警] 国投白银LOF(161226) 溢价率: 28.15% (阈值: 10.0%)
[2026-04-17 03:48:49] [溢价告警] 原油LOF易方达(161129) 溢价率: 24.31% (阈值: 10.0%)
[2026-04-17 03:50:28] [溢价告警] 嘉实原油LOF(160723) 溢价率: 20.34% (阈值: 10.0%)
[2026-04-17 03:51:58] [溢价告警] 石油基金LOF(160416) 溢价率: 14.22% (阈值: 10.0%)
[2026-04-17 03:54:01] [溢价告警] 全球芯片LOF(501225) 溢价率: 14.62% (阈值: 10.0%)
[2026-04-17 03:56:54] [溢价告警] 南方原油LOF(501018) 溢价率: 30.75% (阈值: 10.0%)
[2026-04-17 06:16:49] [溢价告警] 国投白银LOF(161226) 溢价率: 27.93% (阈值: 10.0%)
[2026-04-17 06:17:05] [溢价告警] 原油LOF易方达(161129) 溢价率: 21.54% (阈值: 10.0%)
[2026-04-17 06:18:17] [溢价告警] 嘉实原油LOF(160723) 溢价率: 17.94% (阈值: 10.0%)
[2026-04-17 06:19:22] [溢价告警] 石油基金LOF(160416) 溢价率: 12.92% (阈值: 10.0%)
[2026-04-17 06:21:02] [溢价告警] 全球芯片LOF(501225) 溢价率: 15.03% (阈值: 10.0%)
[2026-04-17 06:23:13] [溢价告警] 南方原油LOF(501018) 溢价率: 28.53% (阈值: 10.0%)
[2026-04-18 03:34:22] [溢价告警] 国投白银LOF(161226) 溢价率: 29.51% (阈值: 10.0%)
[2026-04-18 03:34:37] [溢价告警] 原油LOF易方达(161129) 溢价率: 20.99% (阈值: 10.0%)
[2026-04-18 03:36:10] [溢价告警] 嘉实原油LOF(160723) 溢价率: 17.76% (阈值: 10.0%)
[2026-04-18 03:37:33] [溢价告警] 石油基金LOF(160416) 溢价率: 11.67% (阈值: 10.0%)
[2026-04-18 03:39:47] [溢价告警] 全球芯片LOF(501225) 溢价率: 13.56% (阈值: 10.0%)
[2026-04-18 03:42:47] [溢价告警] 南方原油LOF(501018) 溢价率: 26.12% (阈值: 10.0%)
[2026-04-18 05:54:00] [溢价告警] 国投白银LOF(161226) 溢价率: 29.51% (阈值: 10.0%)
[2026-04-18 05:54:17] [溢价告警] 原油LOF易方达(161129) 溢价率: 20.99% (阈值: 10.0%)
[2026-04-18 05:56:00] [溢价告警] 嘉实原油LOF(160723) 溢价率: 17.76% (阈值: 10.0%)
[2026-04-18 05:57:05] [溢价告警] 石油基金LOF(160416) 溢价率: 11.67% (阈值: 10.0%)
[2026-04-18 05:58:59] [溢价告警] 全球芯片LOF(501225) 溢价率: 13.56% (阈值: 10.0%)
[2026-04-18 06:01:47] [溢价告警] 南方原油LOF(501018) 溢价率: 26.12% (阈值: 10.0%)
[2026-04-19 03:54:03] [溢价告警] 国投白银LOF(161226) 溢价率: 29.51% (阈值: 10.0%)
[2026-04-19 03:54:23] [溢价告警] 原油LOF易方达(161129) 溢价率: 20.99% (阈值: 10.0%)
[2026-04-19 03:56:17] [溢价告警] 嘉实原油LOF(160723) 溢价率: 17.76% (阈值: 10.0%)
[2026-04-19 03:57:32] [溢价告警] 石油基金LOF(160416) 溢价率: 11.67% (阈值: 10.0%)
[2026-04-19 03:59:34] [溢价告警] 全球芯片LOF(501225) 溢价率: 13.56% (阈值: 10.0%)
[2026-04-19 04:02:04] [溢价告警] 南方原油LOF(501018) 溢价率: 26.12% (阈值: 10.0%)
[2026-04-19 06:11:21] [溢价告警] 国投白银LOF(161226) 溢价率: 29.51% (阈值: 10.0%)
[2026-04-19 06:11:37] [溢价告警] 原油LOF易方达(161129) 溢价率: 20.99% (阈值: 10.0%)
[2026-04-19 06:13:01] [溢价告警] 嘉实原油LOF(160723) 溢价率: 17.76% (阈值: 10.0%)
[2026-04-19 06:14:18] [溢价告警] 石油基金LOF(160416) 溢价率: 11.67% (阈值: 10.0%)
[2026-04-19 06:16:01] [溢价告警] 全球芯片LOF(501225) 溢价率: 13.56% (阈值: 10.0%)
[2026-04-19 06:18:20] [溢价告警] 南方原油LOF(501018) 溢价率: 26.12% (阈值: 10.0%)
[2026-04-20 03:55:34] [溢价告警] 国投白银LOF(161226) 溢价率: 30.09% (阈值: 10.0%)
[2026-04-20 03:55:56] [溢价告警] 原油LOF易方达(161129) 溢价率: 22.14% (阈值: 10.0%)
[2026-04-20 03:57:30] [溢价告警] 嘉实原油LOF(160723) 溢价率: 18.71% (阈值: 10.0%)
[2026-04-20 03:58:53] [溢价告警] 石油基金LOF(160416) 溢价率: 12.05% (阈值: 10.0%)
[2026-04-20 04:00:49] [溢价告警] 全球芯片LOF(501225) 溢价率: 13.19% (阈值: 10.0%)
[2026-04-20 04:03:28] [溢价告警] 南方原油LOF(501018) 溢价率: 25.32% (阈值: 10.0%)
[2026-04-20 06:30:56] [溢价告警] 国投白银LOF(161226) 溢价率: 29.82% (阈值: 10.0%)
[2026-04-20 06:31:13] [溢价告警] 原油LOF易方达(161129) 溢价率: 21.11% (阈值: 10.0%)
[2026-04-20 06:32:25] [溢价告警] 嘉实原油LOF(160723) 溢价率: 18.11% (阈值: 10.0%)
[2026-04-20 06:33:30] [溢价告警] 石油基金LOF(160416) 溢价率: 11.81% (阈值: 10.0%)
[2026-04-20 06:35:08] [溢价告警] 全球芯片LOF(501225) 溢价率: 12.25% (阈值: 10.0%)
[2026-04-20 06:37:23] [溢价告警] 南方原油LOF(501018) 溢价率: 24.22% (阈值: 10.0%)
[2026-04-21 03:49:13] [溢价告警] 国投白银LOF(161226) 溢价率: 24.90% (阈值: 10.0%)
[2026-04-21 03:49:31] [溢价告警] 原油LOF易方达(161129) 溢价率: 25.21% (阈值: 10.0%)
[2026-04-21 03:51:07] [溢价告警] 嘉实原油LOF(160723) 溢价率: 21.86% (阈值: 10.0%)
[2026-04-21 03:52:30] [溢价告警] 石油基金LOF(160416) 溢价率: 12.33% (阈值: 10.0%)
[2026-04-21 03:57:11] [溢价告警] 南方原油LOF(501018) 溢价率: 25.91% (阈值: 10.0%)
[2026-04-21 06:16:02] [溢价告警] 国投白银LOF(161226) 溢价率: 24.90% (阈值: 10.0%)
[2026-04-21 06:16:15] [溢价告警] 原油LOF易方达(161129) 溢价率: 22.89% (阈值: 10.0%)
[2026-04-21 06:17:30] [溢价告警] 嘉实原油LOF(160723) 溢价率: 20.74% (阈值: 10.0%)
[2026-04-21 06:18:31] [溢价告警] 石油基金LOF(160416) 溢价率: 10.46% (阈值: 10.0%)
[2026-04-21 06:20:08] [溢价告警] 全球芯片LOF(501225) 溢价率: 10.70% (阈值: 10.0%)
[2026-04-21 06:22:22] [溢价告警] 南方原油LOF(501018) 溢价率: 24.56% (阈值: 10.0%)
[2026-04-22 03:46:11] [溢价告警] 国投白银LOF(161226) 溢价率: 26.75% (阈值: 10.0%)
[2026-04-22 03:46:20] [溢价告警] 原油LOF易方达(161129) 溢价率: 15.78% (阈值: 10.0%)
[2026-04-22 03:47:54] [溢价告警] 嘉实原油LOF(160723) 溢价率: 13.87% (阈值: 10.0%)
[2026-04-22 03:51:38] [溢价告警] 全球芯片LOF(501225) 溢价率: 12.89% (阈值: 10.0%)
[2026-04-22 03:54:50] [溢价告警] 南方原油LOF(501018) 溢价率: 16.32% (阈值: 10.0%)
[2026-04-22 06:14:35] [溢价告警] 国投白银LOF(161226) 溢价率: 26.62% (阈值: 10.0%)
[2026-04-22 06:14:54] [溢价告警] 原油LOF易方达(161129) 溢价率: 13.10% (阈值: 10.0%)
[2026-04-22 06:16:28] [溢价告警] 嘉实原油LOF(160723) 溢价率: 11.28% (阈值: 10.0%)
[2026-04-22 06:20:08] [溢价告警] 全球芯片LOF(501225) 溢价率: 14.44% (阈值: 10.0%)
[2026-04-22 06:22:42] [溢价告警] 南方原油LOF(501018) 溢价率: 12.94% (阈值: 10.0%)
[2026-04-23 03:48:07] [溢价告警] 国富中证A100LOF(164508) 溢价率: 12.82% (阈值: 10.0%)
[2026-04-23 03:50:05] [溢价告警] 国投白银LOF(161226) 溢价率: 24.57% (阈值: 10.0%)
[2026-04-23 03:50:23] [溢价告警] 原油LOF易方达(161129) 溢价率: 17.48% (阈值: 10.0%)
[2026-04-23 03:52:04] [溢价告警] 嘉实原油LOF(160723) 溢价率: 14.73% (阈值: 10.0%)
[2026-04-23 03:53:26] [溢价告警] 石油基金LOF(160416) 溢价率: 13.98% (阈值: 10.0%)
[2026-04-23 03:55:29] [溢价告警] 全球芯片LOF(501225) 溢价率: 13.20% (阈值: 10.0%)
[2026-04-23 03:58:24] [溢价告警] 南方原油LOF(501018) 溢价率: 16.72% (阈值: 10.0%)
[2026-04-23 06:18:58] [溢价告警] 国富中证A100LOF(164508) 溢价率: 12.75% (阈值: 10.0%)
[2026-04-23 06:21:20] [溢价告警] 国投白银LOF(161226) 溢价率: 24.75% (阈值: 10.0%)
[2026-04-23 06:21:38] [溢价告警] 原油LOF易方达(161129) 溢价率: 14.87% (阈值: 10.0%)
[2026-04-23 06:23:13] [溢价告警] 嘉实原油LOF(160723) 溢价率: 11.48% (阈值: 10.0%)
[2026-04-23 06:24:28] [溢价告警] 石油基金LOF(160416) 溢价率: 10.46% (阈值: 10.0%)
[2026-04-23 06:26:03] [溢价告警] 全球芯片LOF(501225) 溢价率: 15.98% (阈值: 10.0%)
[2026-04-23 06:26:40] [溢价告警] 鹏华创新未来LOF(501205) 溢价率: 11.28% (阈值: 10.0%)
[2026-04-23 06:28:54] [溢价告警] 南方原油LOF(501018) 溢价率: 13.33% (阈值: 10.0%)
[2026-04-24 03:53:47] [溢价告警] 国投白银LOF(161226) 溢价率: 21.18% (阈值: 10.0%)
[2026-04-24 03:54:10] [溢价告警] 原油LOF易方达(161129) 溢价率: 20.70% (阈值: 10.0%)
[2026-04-24 03:55:52] [溢价告警] 嘉实原油LOF(160723) 溢价率: 15.62% (阈值: 10.0%)
[2026-04-24 03:57:22] [溢价告警] 石油基金LOF(160416) 溢价率: 10.74% (阈值: 10.0%)
[2026-04-24 03:59:29] [溢价告警] 全球芯片LOF(501225) 溢价率: 20.39% (阈值: 10.0%)
[2026-04-24 04:02:22] [溢价告警] 南方原油LOF(501018) 溢价率: 17.55% (阈值: 10.0%)
[2026-04-24 06:23:41] [溢价告警] 国投白银LOF(161226) 溢价率: 22.28% (阈值: 10.0%)
[2026-04-24 06:24:01] [溢价告警] 原油LOF易方达(161129) 溢价率: 19.33% (阈值: 10.0%)
[2026-04-24 06:25:44] [溢价告警] 嘉实原油LOF(160723) 溢价率: 14.58% (阈值: 10.0%)
[2026-04-24 06:28:54] [溢价告警] 全球芯片LOF(501225) 溢价率: 20.97% (阈值: 10.0%)
[2026-04-24 06:31:11] [溢价告警] 南方原油LOF(501018) 溢价率: 16.98% (阈值: 10.0%)
[2026-04-25 03:32:49] [溢价告警] 多因子LOF(166107) 溢价率: 10.48% (阈值: 10.0%)
[2026-04-25 03:37:08] [溢价告警] 国投白银LOF(161226) 溢价率: 25.20% (阈值: 10.0%)
[2026-04-25 03:37:24] [溢价告警] 原油LOF易方达(161129) 溢价率: 15.91% (阈值: 10.0%)
[2026-04-25 03:39:14] [溢价告警] 嘉实原油LOF(160723) 溢价率: 12.24% (阈值: 10.0%)
[2026-04-25 03:43:04] [溢价告警] 全球芯片LOF(501225) 溢价率: 20.20% (阈值: 10.0%)
[2026-04-25 03:46:20] [溢价告警] 南方原油LOF(501018) 溢价率: 14.38% (阈值: 10.0%)
[2026-04-25 05:57:07] [溢价告警] 多因子LOF(166107) 溢价率: 10.48% (阈值: 10.0%)
[2026-04-25 06:02:32] [溢价告警] 国投白银LOF(161226) 溢价率: 25.20% (阈值: 10.0%)
[2026-04-25 06:02:58] [溢价告警] 原油LOF易方达(161129) 溢价率: 15.91% (阈值: 10.0%)
[2026-04-25 06:04:57] [溢价告警] 嘉实原油LOF(160723) 溢价率: 12.24% (阈值: 10.0%)
[2026-04-25 06:08:40] [溢价告警] 全球芯片LOF(501225) 溢价率: 20.20% (阈值: 10.0%)
[2026-04-25 06:11:48] [溢价告警] 南方原油LOF(501018) 溢价率: 14.38% (阈值: 10.0%)
[2026-04-26 03:56:33] [溢价告警] 多因子LOF(166107) 溢价率: 10.48% (阈值: 10.0%)
[2026-04-26 03:59:53] [溢价告警] 国投白银LOF(161226) 溢价率: 25.20% (阈值: 10.0%)
[2026-04-26 04:00:16] [溢价告警] 原油LOF易方达(161129) 溢价率: 15.91% (阈值: 10.0%)
[2026-04-26 04:02:05] [溢价告警] 嘉实原油LOF(160723) 溢价率: 12.24% (阈值: 10.0%)
[2026-04-26 04:05:40] [溢价告警] 全球芯片LOF(501225) 溢价率: 20.20% (阈值: 10.0%)
[2026-04-26 04:08:25] [溢价告警] 南方原油LOF(501018) 溢价率: 14.38% (阈值: 10.0%)
[2026-04-26 06:19:48] [溢价告警] 多因子LOF(166107) 溢价率: 10.48% (阈值: 10.0%)
[2026-04-26 06:24:09] [溢价告警] 国投白银LOF(161226) 溢价率: 25.20% (阈值: 10.0%)
[2026-04-26 06:24:31] [溢价告警] 原油LOF易方达(161129) 溢价率: 15.91% (阈值: 10.0%)
[2026-04-26 06:26:21] [溢价告警] 嘉实原油LOF(160723) 溢价率: 12.24% (阈值: 10.0%)
[2026-04-26 06:29:56] [溢价告警] 全球芯片LOF(501225) 溢价率: 20.20% (阈值: 10.0%)
[2026-04-26 06:32:12] [溢价告警] 南方原油LOF(501018) 溢价率: 14.38% (阈值: 10.0%)
[2026-04-27 04:03:48] [溢价告警] 国投白银LOF(161226) 溢价率: 25.20% (阈值: 10.0%)
[2026-04-27 04:04:09] [溢价告警] 原油LOF易方达(161129) 溢价率: 12.54% (阈值: 10.0%)
[2026-04-27 04:09:23] [溢价告警] 全球芯片LOF(501225) 溢价率: 27.41% (阈值: 10.0%)
[2026-04-27 04:12:57] [溢价告警] 南方原油LOF(501018) 溢价率: 11.07% (阈值: 10.0%)
[2026-04-27 06:44:34] [溢价告警] 国投白银LOF(161226) 溢价率: 25.01% (阈值: 10.0%)
[2026-04-27 06:44:49] [溢价告警] 原油LOF易方达(161129) 溢价率: 16.44% (阈值: 10.0%)
[2026-04-27 06:46:05] [溢价告警] 嘉实原油LOF(160723) 溢价率: 11.32% (阈值: 10.0%)
[2026-04-27 06:48:55] [溢价告警] 全球芯片LOF(501225) 溢价率: 25.19% (阈值: 10.0%)
[2026-04-27 06:51:09] [溢价告警] 南方原油LOF(501018) 溢价率: 13.11% (阈值: 10.0%)
[2026-04-28 04:09:44] [溢价告警] 国投白银LOF(161226) 溢价率: 23.05% (阈值: 10.0%)
[2026-04-28 04:09:52] [溢价告警] 原油LOF易方达(161129) 溢价率: 17.99% (阈值: 10.0%)
[2026-04-28 04:11:49] [溢价告警] 嘉实原油LOF(160723) 溢价率: 12.31% (阈值: 10.0%)
[2026-04-28 04:15:37] [溢价告警] 全球芯片LOF(501225) 溢价率: 17.46% (阈值: 10.0%)
[2026-04-28 04:18:38] [溢价告警] 南方原油LOF(501018) 溢价率: 14.06% (阈值: 10.0%)
[2026-04-28 06:47:30] [溢价告警] 国投白银LOF(161226) 溢价率: 22.06% (阈值: 10.0%)
[2026-04-28 06:47:53] [溢价告警] 原油LOF易方达(161129) 溢价率: 21.18% (阈值: 10.0%)
[2026-04-28 06:49:32] [溢价告警] 嘉实原油LOF(160723) 溢价率: 14.28% (阈值: 10.0%)
[2026-04-28 06:53:09] [溢价告警] 全球芯片LOF(501225) 溢价率: 13.88% (阈值: 10.0%)
[2026-04-28 06:56:20] [溢价告警] 南方原油LOF(501018) 溢价率: 15.99% (阈值: 10.0%)
[2026-04-29 04:06:39] [溢价告警] 国投白银LOF(161226) 溢价率: 25.48% (阈值: 10.0%)
[2026-04-29 04:07:03] [溢价告警] 原油LOF易方达(161129) 溢价率: 19.86% (阈值: 10.0%)
[2026-04-29 04:08:38] [溢价告警] 嘉实原油LOF(160723) 溢价率: 13.75% (阈值: 10.0%)
[2026-04-29 04:11:55] [溢价告警] 全球芯片LOF(501225) 溢价率: 15.85% (阈值: 10.0%)
[2026-04-29 04:14:54] [溢价告警] 南方原油LOF(501018) 溢价率: 16.80% (阈值: 10.0%)
[2026-04-29 06:39:15] [溢价告警] 国投白银LOF(161226) 溢价率: 25.48% (阈值: 10.0%)
[2026-04-29 06:39:33] [溢价告警] 原油LOF易方达(161129) 溢价率: 19.46% (阈值: 10.0%)
[2026-04-29 06:40:46] [溢价告警] 嘉实原油LOF(160723) 溢价率: 14.18% (阈值: 10.0%)
[2026-04-29 06:43:25] [溢价告警] 全球芯片LOF(501225) 溢价率: 19.33% (阈值: 10.0%)
[2026-04-29 06:45:31] [溢价告警] 南方原油LOF(501018) 溢价率: 17.72% (阈值: 10.0%)
[2026-04-30 04:07:05] [溢价告警] 国投白银LOF(161226) 溢价率: 27.62% (阈值: 10.0%)
[2026-04-30 04:07:27] [溢价告警] 原油LOF易方达(161129) 溢价率: 22.52% (阈值: 10.0%)
[2026-04-30 04:09:05] [溢价告警] 嘉实原油LOF(160723) 溢价率: 15.81% (阈值: 10.0%)
[2026-04-30 04:12:26] [溢价告警] 全球芯片LOF(501225) 溢价率: 27.49% (阈值: 10.0%)
[2026-04-30 04:15:08] [溢价告警] 南方原油LOF(501018) 溢价率: 19.89% (阈值: 10.0%)
[2026-04-30 06:43:48] [溢价告警] 国投白银LOF(161226) 溢价率: 29.19% (阈值: 10.0%)
[2026-04-30 06:44:05] [溢价告警] 原油LOF易方达(161129) 溢价率: 20.12% (阈值: 10.0%)
[2026-04-30 06:45:19] [溢价告警] 嘉实原油LOF(160723) 溢价率: 14.74% (阈值: 10.0%)
[2026-04-30 06:48:33] [溢价告警] 全球芯片LOF(501225) 溢价率: 28.98% (阈值: 10.0%)
[2026-04-30 06:50:42] [溢价告警] 南方原油LOF(501018) 溢价率: 18.09% (阈值: 10.0%)
[2026-05-01 04:19:45] [溢价告警] 国投白银LOF(161226) 溢价率: 32.84% (阈值: 10.0%)
[2026-05-01 04:20:05] [溢价告警] 原油LOF易方达(161129) 溢价率: 11.76% (阈值: 10.0%)
[2026-05-01 04:25:02] [溢价告警] 全球芯片LOF(501225) 溢价率: 29.96% (阈值: 10.0%)
[2026-05-01 04:27:37] [溢价告警] 南方原油LOF(501018) 溢价率: 10.30% (阈值: 10.0%)
[2026-05-01 06:48:03] [溢价告警] 国投白银LOF(161226) 溢价率: 32.84% (阈值: 10.0%)
[2026-05-01 06:48:22] [溢价告警] 原油LOF易方达(161129) 溢价率: 11.76% (阈值: 10.0%)
[2026-05-01 06:52:29] [溢价告警] 全球芯片LOF(501225) 溢价率: 29.96% (阈值: 10.0%)
[2026-05-01 06:54:41] [溢价告警] 南方原油LOF(501018) 溢价率: 10.30% (阈值: 10.0%)
[2026-05-02 03:53:52] [溢价告警] 国投白银LOF(161226) 溢价率: 32.84% (阈值: 10.0%)
[2026-05-02 03:54:12] [溢价告警] 原油LOF易方达(161129) 溢价率: 11.76% (阈值: 10.0%)
[2026-05-02 03:59:04] [溢价告警] 全球芯片LOF(501225) 溢价率: 29.96% (阈值: 10.0%)
[2026-05-02 04:01:39] [溢价告警] 南方原油LOF(501018) 溢价率: 10.30% (阈值: 10.0%)
[2026-05-02 06:24:08] [溢价告警] 国投白银LOF(161226) 溢价率: 32.84% (阈值: 10.0%)
[2026-05-02 06:24:18] [溢价告警] 原油LOF易方达(161129) 溢价率: 11.76% (阈值: 10.0%)
[2026-05-02 06:28:38] [溢价告警] 全球芯片LOF(501225) 溢价率: 29.96% (阈值: 10.0%)
[2026-05-02 06:31:01] [溢价告警] 南方原油LOF(501018) 溢价率: 10.30% (阈值: 10.0%)
[2026-05-03 04:13:54] [溢价告警] 国投白银LOF(161226) 溢价率: 32.84% (阈值: 10.0%)
[2026-05-03 04:14:21] [溢价告警] 原油LOF易方达(161129) 溢价率: 11.76% (阈值: 10.0%)
[2026-05-03 04:18:55] [溢价告警] 全球芯片LOF(501225) 溢价率: 29.96% (阈值: 10.0%)
[2026-05-03 04:21:35] [溢价告警] 南方原油LOF(501018) 溢价率: 10.30% (阈值: 10.0%)
[2026-05-03 06:42:29] [溢价告警] 国投白银LOF(161226) 溢价率: 32.84% (阈值: 10.0%)
[2026-05-03 06:42:50] [溢价告警] 原油LOF易方达(161129) 溢价率: 11.76% (阈值: 10.0%)
[2026-05-03 06:47:24] [溢价告警] 全球芯片LOF(501225) 溢价率: 29.96% (阈值: 10.0%)
[2026-05-03 06:49:57] [溢价告警] 南方原油LOF(501018) 溢价率: 10.30% (阈值: 10.0%)
[2026-05-04 04:12:38] [溢价告警] 国投白银LOF(161226) 溢价率: 32.84% (阈值: 10.0%)
[2026-05-04 04:12:53] [溢价告警] 原油LOF易方达(161129) 溢价率: 11.76% (阈值: 10.0%)
[2026-05-04 04:18:25] [溢价告警] 全球芯片LOF(501225) 溢价率: 29.96% (阈值: 10.0%)
[2026-05-04 04:21:26] [溢价告警] 南方原油LOF(501018) 溢价率: 10.30% (阈值: 10.0%)
[2026-05-04 07:00:28] [溢价告警] 国投白银LOF(161226) 溢价率: 32.84% (阈值: 10.0%)
[2026-05-04 07:00:58] [溢价告警] 原油LOF易方达(161129) 溢价率: 11.76% (阈值: 10.0%)
[2026-05-04 07:09:24] [溢价告警] 全球芯片LOF(501225) 溢价率: 29.96% (阈值: 10.0%)
[2026-05-04 07:13:20] [溢价告警] 南方原油LOF(501018) 溢价率: 10.30% (阈值: 10.0%)
[2026-05-05 03:53:38] [溢价告警] 国投白银LOF(161226) 溢价率: 32.84% (阈值: 10.0%)
[2026-05-05 03:54:04] [溢价告警] 原油LOF易方达(161129) 溢价率: 11.76% (阈值: 10.0%)
[2026-05-05 03:59:04] [溢价告警] 全球芯片LOF(501225) 溢价率: 29.96% (阈值: 10.0%)
[2026-05-05 04:02:01] [溢价告警] 南方原油LOF(501018) 溢价率: 10.30% (阈值: 10.0%)
[2026-05-05 06:31:57] [溢价告警] 国投白银LOF(161226) 溢价率: 32.84% (阈值: 10.0%)
[2026-05-05 06:32:18] [溢价告警] 原油LOF易方达(161129) 溢价率: 11.76% (阈值: 10.0%)
[2026-05-05 06:36:29] [溢价告警] 全球芯片LOF(501225) 溢价率: 29.96% (阈值: 10.0%)
[2026-05-05 06:38:58] [溢价告警] 南方原油LOF(501018) 溢价率: 10.30% (阈值: 10.0%)
[2026-05-06 04:08:08] [溢价告警] 国投白银LOF(161226) 溢价率: 35.27% (阈值: 10.0%)
[2026-05-06 04:11:48] [溢价告警] 华夏磐晟LOF(160324) 溢价率: 15.58% (阈值: 10.0%)
[2026-05-06 04:13:46] [溢价告警] 全球芯片LOF(501225) 溢价率: 41.23% (阈值: 10.0%)
[2026-05-06 04:14:40] [溢价告警] 国联安科创LOF(501096) 溢价率: 10.41% (阈值: 10.0%)
[2026-05-06 06:47:20] [溢价告警] 国投白银LOF(161226) 溢价率: 35.42% (阈值: 10.0%)
[2026-05-06 06:50:44] [溢价告警] 华夏磐晟LOF(160324) 溢价率: 15.05% (阈值: 10.0%)
[2026-05-06 06:52:29] [溢价告警] 全球芯片LOF(501225) 溢价率: 42.87% (阈值: 10.0%)
[2026-05-06 06:53:22] [溢价告警] 国联安科创LOF(501096) 溢价率: 10.41% (阈值: 10.0%)
[2026-05-07 04:07:42] [溢价告警] 国投白银LOF(161226) 溢价率: 29.47% (阈值: 10.0%)
[2026-05-07 04:09:53] [溢价告警] 港美互联网LOF(160644) 溢价率: 11.30% (阈值: 10.0%)
[2026-05-07 04:13:09] [溢价告警] 全球芯片LOF(501225) 溢价率: 44.80% (阈值: 10.0%)
[2026-05-07 06:53:31] [溢价告警] 国投白银LOF(161226) 溢价率: 30.32% (阈值: 10.0%)
[2026-05-07 06:59:04] [溢价告警] 全球芯片LOF(501225) 溢价率: 44.80% (阈值: 10.0%)
[2026-05-08 03:56:30] [溢价告警] 国投白银LOF(161226) 溢价率: 25.61% (阈值: 10.0%)
[2026-05-08 03:56:46] [溢价告警] 原油LOF易方达(161129) 溢价率: 11.39% (阈值: 10.0%)
[2026-05-08 04:01:01] [溢价告警] 全球芯片LOF(501225) 溢价率: 27.51% (阈值: 10.0%)
[2026-05-08 06:11:34] [溢价告警] 国投白银LOF(161226) 溢价率: 26.12% (阈值: 10.0%)
[2026-05-08 06:15:57] [溢价告警] 全球芯片LOF(501225) 溢价率: 35.47% (阈值: 10.0%)
[2026-05-09 04:00:21] [溢价告警] 国投白银LOF(161226) 溢价率: 21.74% (阈值: 10.0%)
[2026-05-09 04:00:50] [溢价告警] 原油LOF易方达(161129) 溢价率: 10.56% (阈值: 10.0%)
[2026-05-09 04:06:44] [溢价告警] 全球芯片LOF(501225) 溢价率: 38.80% (阈值: 10.0%)
[2026-05-09 06:31:22] [溢价告警] 国投白银LOF(161226) 溢价率: 21.74% (阈值: 10.0%)
[2026-05-09 06:36:40] [溢价告警] 全球芯片LOF(501225) 溢价率: 38.80% (阈值: 10.0%)
[2026-05-10 04:19:50] [溢价告警] 国投白银LOF(161226) 溢价率: 21.74% (阈值: 10.0%)
[2026-05-10 04:20:14] [溢价告警] 原油LOF易方达(161129) 溢价率: 10.56% (阈值: 10.0%)
[2026-05-10 04:26:46] [溢价告警] 全球芯片LOF(501225) 溢价率: 38.80% (阈值: 10.0%)
[2026-05-10 06:48:00] [溢价告警] 国投白银LOF(161226) 溢价率: 21.74% (阈值: 10.0%)
[2026-05-10 06:48:19] [溢价告警] 原油LOF易方达(161129) 溢价率: 10.56% (阈值: 10.0%)
[2026-05-10 06:53:11] [溢价告警] 全球芯片LOF(501225) 溢价率: 38.80% (阈值: 10.0%)
[2026-05-11 04:40:15] [溢价告警] 国投白银LOF(161226) 溢价率: 20.32% (阈值: 10.0%)
[2026-05-11 04:40:38] [溢价告警] 原油LOF易方达(161129) 溢价率: 13.17% (阈值: 10.0%)
[2026-05-11 04:44:50] [溢价告警] 全球芯片LOF(501225) 溢价率: 46.93% (阈值: 10.0%)
[2026-05-11 04:48:07] [溢价告警] 南方原油LOF(501018) 溢价率: 11.70% (阈值: 10.0%)
[2026-05-11 07:57:14] [溢价告警] 国投白银LOF(161226) 溢价率: 19.39% (阈值: 10.0%)
[2026-05-11 07:57:28] [溢价告警] 原油LOF易方达(161129) 溢价率: 12.59% (阈值: 10.0%)
[2026-05-11 07:58:40] [溢价告警] 港美互联网LOF(160644) 溢价率: 11.40% (阈值: 10.0%)
[2026-05-11 08:01:00] [溢价告警] 全球芯片LOF(501225) 溢价率: 46.82% (阈值: 10.0%)
[2026-05-11 08:01:45] [溢价告警] 国联安科创LOF(501096) 溢价率: 11.45% (阈值: 10.0%)
[2026-05-11 08:03:09] [溢价告警] 南方原油LOF(501018) 溢价率: 10.93% (阈值: 10.0%)
[2026-05-12 04:08:13] [溢价告警] 国投白银LOF(161226) 溢价率: 23.47% (阈值: 10.0%)
[2026-05-12 04:08:30] [溢价告警] 原油LOF易方达(161129) 溢价率: 12.14% (阈值: 10.0%)
[2026-05-12 04:12:01] [溢价告警] 全球芯片LOF(501225) 溢价率: 39.26% (阈值: 10.0%)
[2026-05-12 06:50:19] [溢价告警] 国投白银LOF(161226) 溢价率: 22.45% (阈值: 10.0%)
[2026-05-12 06:50:32] [溢价告警] 原油LOF易方达(161129) 溢价率: 11.68% (阈值: 10.0%)
[2026-05-12 06:54:06] [溢价告警] 全球芯片LOF(501225) 溢价率: 38.89% (阈值: 10.0%)
[2026-05-13 04:13:30] [溢价告警] 中信保诚鼎利LOF(165528) 溢价率: 13.94% (阈值: 10.0%)
[2026-05-13 04:18:05] [溢价告警] 国投白银LOF(161226) 溢价率: 15.26% (阈值: 10.0%)
[2026-05-13 04:23:48] [溢价告警] 全球芯片LOF(501225) 溢价率: 32.61% (阈值: 10.0%)
[2026-05-13 06:55:49] [溢价告警] 中信保诚鼎利LOF(165528) 溢价率: 14.16% (阈值: 10.0%)
[2026-05-13 07:00:01] [溢价告警] 国投白银LOF(161226) 溢价率: 15.05% (阈值: 10.0%)
[2026-05-13 07:02:00] [溢价告警] 港美互联网LOF(160644) 溢价率: 14.33% (阈值: 10.0%)
[2026-05-13 07:05:49] [溢价告警] 全球芯片LOF(501225) 溢价率: 42.91% (阈值: 10.0%)
[2026-05-14 04:12:57] [溢价告警] 中信保诚鼎利LOF(165528) 溢价率: 21.68% (阈值: 10.0%)
[2026-05-14 04:16:03] [溢价告警] 国投白银LOF(161226) 溢价率: 12.93% (阈值: 10.0%)
[2026-05-14 04:18:09] [溢价告警] 港美互联网LOF(160644) 溢价率: 17.69% (阈值: 10.0%)
[2026-05-14 04:20:43] [溢价告警] 全球芯片LOF(501225) 溢价率: 41.15% (阈值: 10.0%)
[2026-05-14 06:53:55] [溢价告警] 中信保诚鼎利LOF(165528) 溢价率: 21.68% (阈值: 10.0%)
[2026-05-14 06:58:36] [溢价告警] 国投白银LOF(161226) 溢价率: 12.85% (阈值: 10.0%)
[2026-05-14 07:00:20] [溢价告警] 港美互联网LOF(160644) 溢价率: 17.34% (阈值: 10.0%)
[2026-05-14 07:03:19] [溢价告警] 全球芯片LOF(501225) 溢价率: 42.17% (阈值: 10.0%)
[2026-05-15 04:18:57] [溢价告警] 中信保诚鼎利LOF(165528) 溢价率: 10.36% (阈值: 10.0%)
[2026-05-15 04:26:34] [溢价告警] 港美互联网LOF(160644) 溢价率: 15.77% (阈值: 10.0%)
[2026-05-15 04:30:43] [溢价告警] 全球芯片LOF(501225) 溢价率: 37.27% (阈值: 10.0%)
[2026-05-15 07:32:22] [溢价告警] 中信保诚鼎利LOF(165528) 溢价率: 10.36% (阈值: 10.0%)
[2026-05-15 07:39:16] [溢价告警] 全球芯片LOF(501225) 溢价率: 27.07% (阈值: 10.0%)
[2026-05-16 04:02:57] [溢价告警] 中信保诚鼎利LOF(165528) 溢价率: 12.51% (阈值: 10.0%)
[2026-05-16 04:04:51] [溢价告警] 国投白银LOF(161226) 溢价率: 13.22% (阈值: 10.0%)
[2026-05-16 04:10:05] [溢价告警] 全球芯片LOF(501225) 溢价率: 27.18% (阈值: 10.0%)
[2026-05-16 06:33:45] [溢价告警] 中信保诚鼎利LOF(165528) 溢价率: 12.51% (阈值: 10.0%)
[2026-05-16 06:38:48] [溢价告警] 国投白银LOF(161226) 溢价率: 13.22% (阈值: 10.0%)
[2026-05-16 06:43:26] [溢价告警] 全球芯片LOF(501225) 溢价率: 27.18% (阈值: 10.0%)
[2026-05-17 04:32:40] [溢价告警] 中信保诚鼎利LOF(165528) 溢价率: 12.51% (阈值: 10.0%)
[2026-05-17 04:34:27] [溢价告警] 国投白银LOF(161226) 溢价率: 13.22% (阈值: 10.0%)
[2026-05-17 04:36:16] [溢价告警] 全球芯片LOF(501225) 溢价率: 27.18% (阈值: 10.0%)
[2026-05-17 06:51:32] [溢价告警] 中信保诚鼎利LOF(165528) 溢价率: 12.51% (阈值: 10.0%)
[2026-05-17 06:55:15] [溢价告警] 国投白银LOF(161226) 溢价率: 13.22% (阈值: 10.0%)
[2026-05-17 07:01:04] [溢价告警] 全球芯片LOF(501225) 溢价率: 27.18% (阈值: 10.0%)
[2026-05-18 04:51:02] [溢价告警] 全球芯片LOF(501225) 溢价率: 21.11% (阈值: 10.0%)
[2026-05-18 04:53:33] [溢价告警] 南方原油LOF(501018) 溢价率: 10.61% (阈值: 10.0%)
[2026-05-18 08:22:12] [溢价告警] 全球芯片LOF(501225) 溢价率: 24.08% (阈值: 10.0%)
[2026-05-18 08:24:05] [溢价告警] 南方原油LOF(501018) 溢价率: 11.65% (阈值: 10.0%)
[2026-05-19 04:36:23] [溢价告警] 国投白银LOF(161226) 溢价率: 17.36% (阈值: 10.0%)
[2026-05-19 04:41:34] [溢价告警] 全球芯片LOF(501225) 溢价率: 20.49% (阈值: 10.0%)
[2026-05-19 08:00:33] [溢价告警] 国投白银LOF(161226) 溢价率: 17.41% (阈值: 10.0%)
[2026-05-19 08:05:22] [溢价告警] 全球芯片LOF(501225) 溢价率: 23.12% (阈值: 10.0%)
[2026-05-20 04:41:36] [溢价告警] 国投白银LOF(161226) 溢价率: 12.33% (阈值: 10.0%)
[2026-05-20 04:47:49] [溢价告警] 全球芯片LOF(501225) 溢价率: 22.94% (阈值: 10.0%)
[2026-05-20 07:58:18] [溢价告警] 国投白银LOF(161226) 溢价率: 14.02% (阈值: 10.0%)
[2026-05-20 08:01:32] [溢价告警] 全球芯片LOF(501225) 溢价率: 33.88% (阈值: 10.0%)
[2026-05-21 04:48:36] [溢价告警] 国投白银LOF(161226) 溢价率: 18.39% (阈值: 10.0%)
[2026-05-21 04:53:36] [溢价告警] 全球芯片LOF(501225) 溢价率: 38.32% (阈值: 10.0%)
[2026-05-21 04:54:15] [溢价告警] 科创加银LOF(501200) 溢价率: 14.13% (阈值: 10.0%)
[2026-05-21 08:06:45] [溢价告警] 国投白银LOF(161226) 溢价率: 16.59% (阈值: 10.0%)
[2026-05-21 08:11:08] [溢价告警] 全球芯片LOF(501225) 溢价率: 35.33% (阈值: 10.0%)
[2026-05-21 08:11:44] [溢价告警] 科创加银LOF(501200) 溢价率: 13.54% (阈值: 10.0%)
[2026-05-22 04:40:32] [溢价告警] 国投白银LOF(161226) 溢价率: 13.40% (阈值: 10.0%)
[2026-05-22 04:45:10] [溢价告警] 全球芯片LOF(501225) 溢价率: 33.05% (阈值: 10.0%)
[2026-05-22 07:55:30] [溢价告警] 国投白银LOF(161226) 溢价率: 16.06% (阈值: 10.0%)
[2026-05-22 07:58:06] [溢价告警] 全球芯片LOF(501225) 溢价率: 40.82% (阈值: 10.0%)
[2026-05-23 04:11:10] [溢价告警] 国投白银LOF(161226) 溢价率: 15.73% (阈值: 10.0%)
[2026-05-23 04:16:04] [溢价告警] 全球芯片LOF(501225) 溢价率: 40.78% (阈值: 10.0%)
[2026-05-23 06:47:17] [溢价告警] 国投白银LOF(161226) 溢价率: 15.73% (阈值: 10.0%)
[2026-05-23 06:51:35] [溢价告警] 全球芯片LOF(501225) 溢价率: 40.78% (阈值: 10.0%)
[2026-05-24 04:42:29] [溢价告警] 国投白银LOF(161226) 溢价率: 15.73% (阈值: 10.0%)
[2026-05-24 04:47:34] [溢价告警] 全球芯片LOF(501225) 溢价率: 40.78% (阈值: 10.0%)
[2026-05-24 07:33:04] [溢价告警] 国投白银LOF(161226) 溢价率: 15.73% (阈值: 10.0%)
[2026-05-24 07:36:54] [溢价告警] 全球芯片LOF(501225) 溢价率: 40.78% (阈值: 10.0%)
[2026-05-25 04:54:31] [溢价告警] 国投白银LOF(161226) 溢价率: 15.97% (阈值: 10.0%)
[2026-05-25 04:58:37] [溢价告警] 全球芯片LOF(501225) 溢价率: 50.35% (阈值: 10.0%)
[2026-05-25 08:43:01] [溢价告警] 国投白银LOF(161226) 溢价率: 15.78% (阈值: 10.0%)
[2026-05-25 08:45:58] [溢价告警] 国泰民益LOF(160220) 溢价率: 10.31% (阈值: 10.0%)
[2026-05-25 08:47:17] [溢价告警] 全球芯片LOF(501225) 溢价率: 50.48% (阈值: 10.0%)
[2026-05-25 08:49:28] [溢价告警] 财通福盛混合LOF(501032) 溢价率: 10.55% (阈值: 10.0%)
[2026-05-26 04:37:08] [溢价告警] 国投白银LOF(161226) 溢价率: 12.30% (阈值: 10.0%)
[2026-05-26 04:38:02] [溢价告警] 港美互联网LOF(160644) 溢价率: 11.35% (阈值: 10.0%)
[2026-05-26 04:39:27] [溢价告警] 全球芯片LOF(501225) 溢价率: 44.75% (阈值: 10.0%)
[2026-05-26 04:40:03] [溢价告警] 财通福鑫定开混合(501046) 溢价率: 12.03% (阈值: 10.0%)
[2026-05-26 04:40:12] [溢价告警] 财通福享混合LOF(501026) 溢价率: 11.23% (阈值: 10.0%)
[2026-05-26 08:03:50] [溢价告警] 国投白银LOF(161226) 溢价率: 12.35% (阈值: 10.0%)
[2026-05-26 08:05:31] [溢价告警] 港美互联网LOF(160644) 溢价率: 13.34% (阈值: 10.0%)
[2026-05-26 08:07:59] [溢价告警] 全球芯片LOF(501225) 溢价率: 44.91% (阈值: 10.0%)
[2026-05-26 08:09:21] [溢价告警] 财通福鑫定开混合(501046) 溢价率: 14.05% (阈值: 10.0%)
[2026-05-26 08:09:40] [溢价告警] 财通福享混合LOF(501026) 溢价率: 13.73% (阈值: 10.0%)
[2026-05-27 04:50:28] [溢价告警] 港美互联网LOF(160644) 溢价率: 24.40% (阈值: 10.0%)
[2026-05-27 04:52:01] [溢价告警] 全球芯片LOF(501225) 溢价率: 51.20% (阈值: 10.0%)
[2026-05-27 04:53:06] [溢价告警] 财通福鑫定开混合(501046) 溢价率: 23.43% (阈值: 10.0%)
[2026-05-27 04:53:21] [溢价告警] 财通福享混合LOF(501026) 溢价率: 23.84% (阈值: 10.0%)
[2026-05-27 08:16:20] [溢价告警] 港美互联网LOF(160644) 溢价率: 23.00% (阈值: 10.0%)
[2026-05-27 08:18:48] [溢价告警] 全球芯片LOF(501225) 溢价率: 51.16% (阈值: 10.0%)
[2026-05-27 08:19:56] [溢价告警] 财通福鑫定开混合(501046) 溢价率: 23.46% (阈值: 10.0%)
[2026-05-27 08:20:12] [溢价告警] 财通福享混合LOF(501026) 溢价率: 23.92% (阈值: 10.0%)
[2026-05-28 04:41:37] [溢价告警] 港美互联网LOF(160644) 溢价率: 15.22% (阈值: 10.0%)
[2026-05-28 04:43:21] [溢价告警] 全球芯片LOF(501225) 溢价率: 37.17% (阈值: 10.0%)
[2026-05-28 04:44:38] [溢价告警] 财通福享混合LOF(501026) 溢价率: 11.89% (阈值: 10.0%)
[2026-05-28 08:17:05] [溢价告警] 港美互联网LOF(160644) 溢价率: 13.42% (阈值: 10.0%)
[2026-05-28 08:20:02] [溢价告警] 全球芯片LOF(501225) 溢价率: 37.14% (阈值: 10.0%)
[2026-05-28 08:21:47] [溢价告警] 财通福鑫定开混合(501046) 溢价率: 18.43% (阈值: 10.0%)
[2026-05-28 08:22:09] [溢价告警] 财通福享混合LOF(501026) 溢价率: 11.89% (阈值: 10.0%)
[2026-05-29 04:43:09] [溢价告警] 鼎弘LOF(167003) 溢价率: 10.05% (阈值: 10.0%)
[2026-05-29 04:48:02] [溢价告警] 港美互联网LOF(160644) 溢价率: 11.28% (阈值: 10.0%)
[2026-05-29 04:51:04] [溢价告警] 全球芯片LOF(501225) 溢价率: 42.04% (阈值: 10.0%)
[2026-05-29 04:52:55] [溢价告警] 财通福鑫定开混合(501046) 溢价率: 18.07% (阈值: 10.0%)
[2026-05-29 08:07:22] [溢价告警] 鼎弘LOF(167003) 溢价率: 10.05% (阈值: 10.0%)
[2026-05-29 08:16:44] [溢价告警] 全球芯片LOF(501225) 溢价率: 41.82% (阈值: 10.0%)
[2026-05-29 08:18:39] [溢价告警] 财通福鑫定开混合(501046) 溢价率: 15.04% (阈值: 10.0%)
[2026-05-30 04:17:44] [溢价告警] 鼎弘LOF(167003) 溢价率: 10.55% (阈值: 10.0%)
[2026-05-30 04:26:08] [溢价告警] 全球芯片LOF(501225) 溢价率: 41.44% (阈值: 10.0%)
[2026-05-30 04:28:25] [溢价告警] 财通福鑫定开混合(501046) 溢价率: 17.76% (阈值: 10.0%)
[2026-05-30 06:54:32] [溢价告警] 鼎弘LOF(167003) 溢价率: 10.55% (阈值: 10.0%)
[2026-05-30 07:06:32] [溢价告警] 全球芯片LOF(501225) 溢价率: 41.44% (阈值: 10.0%)
[2026-05-30 07:09:30] [溢价告警] 财通福鑫定开混合(501046) 溢价率: 17.76% (阈值: 10.0%)
[2026-05-31 04:51:45] [溢价告警] 鼎弘LOF(167003) 溢价率: 10.55% (阈值: 10.0%)
[2026-05-31 05:00:33] [溢价告警] 全球芯片LOF(501225) 溢价率: 41.44% (阈值: 10.0%)
[2026-05-31 05:02:37] [溢价告警] 财通福鑫定开混合(501046) 溢价率: 17.76% (阈值: 10.0%)
[2026-05-31 07:51:59] [溢价告警] 鼎弘LOF(167003) 溢价率: 10.55% (阈值: 10.0%)
[2026-05-31 08:01:09] [溢价告警] 全球芯片LOF(501225) 溢价率: 41.44% (阈值: 10.0%)
[2026-05-31 08:02:56] [溢价告警] 财通福鑫定开混合(501046) 溢价率: 17.76% (阈值: 10.0%)
[2026-06-01 05:22:50] [溢价告警] 全球芯片LOF(501225) 溢价率: 38.46% (阈值: 10.0%)
[2026-06-01 05:24:36] [溢价告警] 财通福鑫定开混合(501046) 溢价率: 11.80% (阈值: 10.0%)
[2026-06-01 09:39:36] [溢价告警] 标普信息科技LOF(161128) 溢价率: 10.04% (阈值: 10.0%)
[2026-06-01 09:41:38] [溢价告警] 港美互联网LOF(160644) 溢价率: 13.86% (阈值: 10.0%)
[2026-06-01 09:44:43] [溢价告警] 全球芯片LOF(501225) 溢价率: 38.40% (阈值: 10.0%)
[2026-06-02 05:05:33] [溢价告警] 港美互联网LOF(160644) 溢价率: 16.78% (阈值: 10.0%)
[2026-06-02 05:08:14] [溢价告警] 全球芯片LOF(501225) 溢价率: 34.06% (阈值: 10.0%)
[2026-06-02 05:10:00] [溢价告警] 财通福鑫定开混合(501046) 溢价率: 20.97% (阈值: 10.0%)
[2026-06-02 05:10:31] [溢价告警] 南方原油LOF(501018) 溢价率: 12.64% (阈值: 10.0%)
[2026-06-02 08:51:37] [溢价告警] 港美互联网LOF(160644) 溢价率: 15.86% (阈值: 10.0%)
[2026-06-02 08:54:37] [溢价告警] 全球芯片LOF(501225) 溢价率: 34.15% (阈值: 10.0%)
[2026-06-02 08:56:26] [溢价告警] 财通福鑫定开混合(501046) 溢价率: 24.47% (阈值: 10.0%)
[2026-06-02 08:57:00] [溢价告警] 南方原油LOF(501018) 溢价率: 11.91% (阈值: 10.0%)
[2026-06-03 05:20:34] [溢价告警] 港美互联网LOF(160644) 溢价率: 14.16% (阈值: 10.0%)
[2026-06-03 05:21:36] [溢价告警] 全球芯片LOF(501225) 溢价率: 41.55% (阈值: 10.0%)
[2026-06-03 05:22:16] [溢价告警] 财通福鑫定开混合(501046) 溢价率: 28.01% (阈值: 10.0%)
[2026-06-03 09:08:42] [溢价告警] 港美互联网LOF(160644) 溢价率: 10.94% (阈值: 10.0%)
[2026-06-03 09:11:20] [溢价告警] 全球芯片LOF(501225) 溢价率: 41.52% (阈值: 10.0%)
[2026-06-03 09:12:49] [溢价告警] 财通福鑫定开混合(501046) 溢价率: 29.84% (阈值: 10.0%)
[2026-06-04 05:12:39] [溢价告警] 全球芯片LOF(501225) 溢价率: 32.41% (阈值: 10.0%)
[2026-06-04 05:14:26] [溢价告警] 财通福鑫定开混合(501046) 溢价率: 36.57% (阈值: 10.0%)
[2026-06-04 08:42:53] [溢价告警] 全球芯片LOF(501225) 溢价率: 32.41% (阈值: 10.0%)
[2026-06-04 08:44:44] [溢价告警] 财通福鑫定开混合(501046) 溢价率: 36.48% (阈值: 10.0%)
[2026-06-05 04:56:42] [溢价告警] 全球芯片LOF(501225) 溢价率: 24.56% (阈值: 10.0%)
[2026-06-05 04:57:21] [溢价告警] 平安新兴产业LOF(501099) 溢价率: 17.77% (阈值: 10.0%)
[2026-06-05 04:58:31] [溢价告警] 财通福鑫定开混合(501046) 溢价率: 45.08% (阈值: 10.0%)
[2026-06-05 08:22:06] [溢价告警] 全球芯片LOF(501225) 溢价率: 25.00% (阈值: 10.0%)
[2026-06-05 08:22:39] [溢价告警] 平安新兴产业LOF(501099) 溢价率: 17.77% (阈值: 10.0%)
[2026-06-05 08:23:21] [溢价告警] 财通福鑫定开混合(501046) 溢价率: 45.11% (阈值: 10.0%)
[2026-06-06 04:29:13] [溢价告警] 全球芯片LOF(501225) 溢价率: 26.19% (阈值: 10.0%)
[2026-06-06 04:29:56] [溢价告警] 平安新兴产业LOF(501099) 溢价率: 23.08% (阈值: 10.0%)
[2026-06-06 04:31:09] [溢价告警] 财通福鑫定开混合(501046) 溢价率: 51.35% (阈值: 10.0%)
[2026-06-06 07:33:42] [溢价告警] 全球芯片LOF(501225) 溢价率: 26.19% (阈值: 10.0%)
[2026-06-06 07:34:30] [溢价告警] 平安新兴产业LOF(501099) 溢价率: 23.08% (阈值: 10.0%)
[2026-06-06 07:35:41] [溢价告警] 财通福鑫定开混合(501046) 溢价率: 51.35% (阈值: 10.0%)
[2026-06-07 05:05:03] [溢价告警] 全球芯片LOF(501225) 溢价率: 26.19% (阈值: 10.0%)
[2026-06-07 05:05:52] [溢价告警] 平安新兴产业LOF(501099) 溢价率: 23.08% (阈值: 10.0%)
[2026-06-07 05:07:06] [溢价告警] 财通福鑫定开混合(501046) 溢价率: 51.35% (阈值: 10.0%)
[2026-06-07 08:10:14] [溢价告警] 全球芯片LOF(501225) 溢价率: 26.19% (阈值: 10.0%)
[2026-06-07 08:11:03] [溢价告警] 平安新兴产业LOF(501099) 溢价率: 23.08% (阈值: 10.0%)
[2026-06-07 08:11:57] [溢价告警] 财通福鑫定开混合(501046) 溢价率: 51.35% (阈值: 10.0%)
[2026-06-08 05:10:02] [溢价告警] 全球芯片LOF(501225) 溢价率: 19.96% (阈值: 10.0%)
[2026-06-08 05:10:51] [溢价告警] 平安新兴产业LOF(501099) 溢价率: 10.77% (阈值: 10.0%)
[2026-06-08 05:11:54] [溢价告警] 财通福鑫定开混合(501046) 溢价率: 51.35% (阈值: 10.0%)
[2026-06-08 09:07:26] [溢价告警] 原油LOF易方达(161129) 溢价率: 14.79% (阈值: 10.0%)
[2026-06-08 09:08:44] [溢价告警] 嘉实原油LOF(160723) 溢价率: 13.82% (阈值: 10.0%)
[2026-06-08 09:11:43] [溢价告警] 全球芯片LOF(501225) 溢价率: 28.00% (阈值: 10.0%)
[2026-06-08 09:12:23] [溢价告警] 平安新兴产业LOF(501099) 溢价率: 10.77% (阈值: 10.0%)
[2026-06-08 09:13:17] [溢价告警] 财通福鑫定开混合(501046) 溢价率: 51.35% (阈值: 10.0%)
[2026-06-08 09:13:53] [溢价告警] 南方原油LOF(501018) 溢价率: 15.90% (阈值: 10.0%)
[2026-06-09 04:41:28] [溢价告警] 全球芯片LOF(501225) 溢价率: 44.05% (阈值: 10.0%)
[2026-06-09 04:42:23] [溢价告警] 财通福鑫定开混合(501046) 溢价率: 36.38% (阈值: 10.0%)
[2026-06-09 08:06:10] [溢价告警] 港美互联网LOF(160644) 溢价率: 11.25% (阈值: 10.0%)
[2026-06-09 08:08:46] [溢价告警] 全球芯片LOF(501225) 溢价率: 44.09% (阈值: 10.0%)
[2026-06-09 08:10:31] [溢价告警] 财通福鑫定开混合(501046) 溢价率: 36.38% (阈值: 10.0%)
[2026-06-10 04:52:54] [溢价告警] 嘉实原油LOF(160723) 溢价率: 10.82% (阈值: 10.0%)
[2026-06-10 04:56:05] [溢价告警] 全球芯片LOF(501225) 溢价率: 33.29% (阈值: 10.0%)
[2026-06-10 04:57:51] [溢价告警] 财通福鑫定开混合(501046) 溢价率: 13.33% (阈值: 10.0%)
[2026-06-10 04:58:29] [溢价告警] 南方原油LOF(501018) 溢价率: 14.16% (阈值: 10.0%)
[2026-06-10 08:23:50] [溢价告警] 全球芯片LOF(501225) 溢价率: 33.32% (阈值: 10.0%)
[2026-06-10 08:25:17] [溢价告警] 财通福鑫定开混合(501046) 溢价率: 13.33% (阈值: 10.0%)
[2026-06-11 05:03:40] [溢价告警] 原油LOF易方达(161129) 溢价率: 14.97% (阈值: 10.0%)
[2026-06-11 05:05:10] [溢价告警] 嘉实原油LOF(160723) 溢价率: 14.55% (阈值: 10.0%)
[2026-06-11 05:08:25] [溢价告警] 全球芯片LOF(501225) 溢价率: 29.64% (阈值: 10.0%)
[2026-06-11 05:10:36] [溢价告警] 财通福鑫定开混合(501046) 溢价率: 23.61% (阈值: 10.0%)
[2026-06-11 05:11:13] [溢价告警] 南方原油LOF(501018) 溢价率: 18.02% (阈值: 10.0%)
[2026-06-11 08:59:07] [溢价告警] 原油LOF易方达(161129) 溢价率: 10.47% (阈值: 10.0%)
[2026-06-11 09:00:48] [溢价告警] 嘉实原油LOF(160723) 溢价率: 11.96% (阈值: 10.0%)
[2026-06-11 09:03:42] [溢价告警] 全球芯片LOF(501225) 溢价率: 38.95% (阈值: 10.0%)
[2026-06-11 09:05:36] [溢价告警] 财通福鑫定开混合(501046) 溢价率: 27.32% (阈值: 10.0%)
[2026-06-11 09:06:11] [溢价告警] 南方原油LOF(501018) 溢价率: 15.89% (阈值: 10.0%)
[2026-06-12 05:07:35] [溢价告警] 港美互联网LOF(160644) 溢价率: 10.66% (阈值: 10.0%)
[2026-06-12 05:10:26] [溢价告警] 全球芯片LOF(501225) 溢价率: 43.87% (阈值: 10.0%)
[2026-06-12 05:12:23] [溢价告警] 财通福鑫定开混合(501046) 溢价率: 33.89% (阈值: 10.0%)
[2026-06-12 08:47:39] [溢价告警] 全球芯片LOF(501225) 溢价率: 43.97% (阈值: 10.0%)
[2026-06-12 08:49:16] [溢价告警] 财通福鑫定开混合(501046) 溢价率: 34.57% (阈值: 10.0%)
[2026-06-12 08:49:48] [溢价告警] 南方原油LOF(501018) 溢价率: 11.75% (阈值: 10.0%)
[2026-06-13 05:02:01] [溢价告警] 全球芯片LOF(501225) 溢价率: 36.02% (阈值: 10.0%)
[2026-06-13 05:04:15] [溢价告警] 财通福鑫定开混合(501046) 溢价率: 33.09% (阈值: 10.0%)
[2026-06-13 05:04:51] [溢价告警] 南方原油LOF(501018) 溢价率: 12.72% (阈值: 10.0%)
[2026-06-13 08:07:01] [溢价告警] 全球芯片LOF(501225) 溢价率: 36.02% (阈值: 10.0%)
[2026-06-13 08:09:12] [溢价告警] 财通福鑫定开混合(501046) 溢价率: 33.09% (阈值: 10.0%)
[2026-06-13 08:09:49] [溢价告警] 南方原油LOF(501018) 溢价率: 12.72% (阈值: 10.0%)
[2026-06-14 05:16:54] [溢价告警] 全球芯片LOF(501225) 溢价率: 36.02% (阈值: 10.0%)
[2026-06-14 05:18:54] [溢价告警] 财通福鑫定开混合(501046) 溢价率: 33.09% (阈值: 10.0%)
[2026-06-14 05:19:34] [溢价告警] 南方原油LOF(501018) 溢价率: 12.72% (阈值: 10.0%)
[2026-06-14 08:33:22] [溢价告警] 全球芯片LOF(501225) 溢价率: 36.02% (阈值: 10.0%)
[2026-06-14 08:35:44] [溢价告警] 财通福鑫定开混合(501046) 溢价率: 33.09% (阈值: 10.0%)
[2026-06-14 08:36:16] [溢价告警] 南方原油LOF(501018) 溢价率: 12.72% (阈值: 10.0%)
[2026-06-15 05:30:07] [溢价告警] 国投白银LOF(161226) 溢价率: 14.93% (阈值: 10.0%)
[2026-06-15 05:35:03] [溢价告警] 全球芯片LOF(501225) 溢价率: 41.94% (阈值: 10.0%)
[2026-06-15 05:37:04] [溢价告警] 财通福鑫定开混合(501046) 溢价率: 38.04% (阈值: 10.0%)
[2026-06-15 10:38:38] [溢价告警] 国投白银LOF(161226) 溢价率: 16.96% (阈值: 10.0%)
[2026-06-15 10:45:17] [溢价告警] 全球芯片LOF(501225) 溢价率: 41.72% (阈值: 10.0%)
[2026-06-15 10:47:48] [溢价告警] 财通福鑫定开混合(501046) 溢价率: 38.07% (阈值: 10.0%)
[2026-06-16 05:40:29] [溢价告警] 全球芯片LOF(501225) 溢价率: 37.72% (阈值: 10.0%)
[2026-06-16 05:43:48] [溢价告警] 财通福鑫定开混合(501046) 溢价率: 33.88% (阈值: 10.0%)
[2026-06-16 09:37:30] [溢价告警] 景顺资源LOF(162607) 溢价率: 12.14% (阈值: 10.0%)
[2026-06-16 09:44:05] [溢价告警] 全球芯片LOF(501225) 溢价率: 37.78% (阈值: 10.0%)
[2026-06-16 09:45:54] [溢价告警] 财通福鑫定开混合(501046) 溢价率: 33.64% (阈值: 10.0%)
[2026-06-17 05:18:10] [溢价告警] 景顺资源LOF(162607) 溢价率: 10.86% (阈值: 10.0%)
[2026-06-17 05:21:22] [溢价告警] 全球芯片LOF(501225) 溢价率: 31.84% (阈值: 10.0%)
[2026-06-17 05:22:37] [溢价告警] 财通科创LOF(501085) 溢价率: 10.57% (阈值: 10.0%)
[2026-06-17 05:23:22] [溢价告警] 财通福鑫定开混合(501046) 溢价率: 42.12% (阈值: 10.0%)
[2026-06-17 05:23:45] [溢价告警] 财通福瑞混合LOF(501028) 溢价率: 11.54% (阈值: 10.0%)
[2026-06-17 05:23:47] [溢价告警] 财通福享混合LOF(501026) 溢价率: 13.82% (阈值: 10.0%)
[2026-06-17 05:24:04] [溢价告警] 财通升级混合LOF(501015) 溢价率: 13.07% (阈值: 10.0%)
[2026-06-17 05:24:22] [溢价告警] 财通精选混合LOF(501001) 溢价率: 10.56% (阈值: 10.0%)
[2026-06-17 09:12:01] [溢价告警] 景顺资源LOF(162607) 溢价率: 12.11% (阈值: 10.0%)
[2026-06-17 09:25:24] [溢价告警] 全球芯片LOF(501225) 溢价率: 31.75% (阈值: 10.0%)
[2026-06-17 09:26:35] [溢价告警] 财通科创LOF(501085) 溢价率: 12.24% (阈值: 10.0%)
[2026-06-17 09:27:19] [溢价告警] 财通福鑫定开混合(501046) 溢价率: 42.12% (阈值: 10.0%)
[2026-06-17 09:27:40] [溢价告警] 财通福瑞混合LOF(501028) 溢价率: 11.54% (阈值: 10.0%)
[2026-06-17 09:27:42] [溢价告警] 财通福享混合LOF(501026) 溢价率: 13.88% (阈值: 10.0%)
[2026-06-17 09:27:59] [溢价告警] 财通升级混合LOF(501015) 溢价率: 13.07% (阈值: 10.0%)
[2026-06-17 09:28:17] [溢价告警] 财通精选混合LOF(501001) 溢价率: 10.56% (阈值: 10.0%)
[2026-06-18 05:09:27] [溢价告警] 全球芯片LOF(501225) 溢价率: 36.14% (阈值: 10.0%)
[2026-06-18 05:10:13] [溢价告警] 科创建信LOF(501098) 溢价率: 10.97% (阈值: 10.0%)
[2026-06-18 05:10:35] [溢价告警] 财通科创LOF(501085) 溢价率: 16.74% (阈值: 10.0%)
[2026-06-18 05:11:18] [溢价告警] 财通福鑫定开混合(501046) 溢价率: 36.97% (阈值: 10.0%)
[2026-06-18 05:11:31] [溢价告警] 财通福盛混合LOF(501032) 溢价率: 17.34% (阈值: 10.0%)
[2026-06-18 05:11:39] [溢价告警] 财通福瑞混合LOF(501028) 溢价率: 22.99% (阈值: 10.0%)
[2026-06-18 05:11:41] [溢价告警] 财通福享混合LOF(501026) 溢价率: 20.74% (阈值: 10.0%)
[2026-06-18 05:11:52] [溢价告警] 南方原油LOF(501018) 溢价率: 11.24% (阈值: 10.0%)
[2026-06-18 05:11:59] [溢价告警] 财通升级混合LOF(501015) 溢价率: 17.41% (阈值: 10.0%)
[2026-06-18 05:12:18] [溢价告警] 财通精选混合LOF(501001) 溢价率: 22.09% (阈值: 10.0%)
[2026-06-18 09:03:58] [溢价告警] 全球芯片LOF(501225) 溢价率: 36.26% (阈值: 10.0%)
[2026-06-18 09:04:43] [溢价告警] 科创建信LOF(501098) 溢价率: 13.00% (阈值: 10.0%)
[2026-06-18 09:04:45] [溢价告警] 科创国寿LOF(501097) 溢价率: 12.64% (阈值: 10.0%)
[2026-06-18 09:05:03] [溢价告警] 财通科创LOF(501085) 溢价率: 13.86% (阈值: 10.0%)
[2026-06-18 09:05:40] [溢价告警] 财通福鑫定开混合(501046) 溢价率: 36.97% (阈值: 10.0%)
[2026-06-18 09:05:51] [溢价告警] 财通福盛混合LOF(501032) 溢价率: 17.34% (阈值: 10.0%)
[2026-06-18 09:05:59] [溢价告警] 财通福瑞混合LOF(501028) 溢价率: 22.99% (阈值: 10.0%)
[2026-06-18 09:05:59] [溢价告警] 财通福享混合LOF(501026) 溢价率: 17.13% (阈值: 10.0%)
[2026-06-18 09:06:07] [溢价告警] 南方原油LOF(501018) 溢价率: 11.11% (阈值: 10.0%)
[2026-06-18 09:06:11] [溢价告警] 财通升级混合LOF(501015) 溢价率: 19.28% (阈值: 10.0%)
[2026-06-18 09:06:25] [溢价告警] 财通精选混合LOF(501001) 溢价率: 22.09% (阈值: 10.0%)
[2026-06-19 05:33:10] [溢价告警] 全球芯片LOF(501225) 溢价率: 33.57% (阈值: 10.0%)
[2026-06-19 05:34:05] [溢价告警] 科创建信LOF(501098) 溢价率: 10.40% (阈值: 10.0%)
[2026-06-19 05:34:07] [溢价告警] 科创国寿LOF(501097) 溢价率: 10.65% (阈值: 10.0%)
[2026-06-19 05:34:26] [溢价告警] 财通科创LOF(501085) 溢价率: 11.34% (阈值: 10.0%)
[2026-06-19 05:35:20] [溢价告警] 财通福鑫定开混合(501046) 溢价率: 32.48% (阈值: 10.0%)
[2026-06-19 05:35:35] [溢价告警] 财通福盛混合LOF(501032) 溢价率: 14.40% (阈值: 10.0%)
[2026-06-19 05:35:45] [溢价告警] 财通福瑞混合LOF(501028) 溢价率: 23.85% (阈值: 10.0%)
[2026-06-19 05:35:47] [溢价告警] 财通福享混合LOF(501026) 溢价率: 13.17% (阈值: 10.0%)
[2026-06-19 05:35:57] [溢价告警] 南方原油LOF(501018) 溢价率: 12.05% (阈值: 10.0%)
[2026-06-19 05:36:02] [溢价告警] 财通升级混合LOF(501015) 溢价率: 16.42% (阈值: 10.0%)
[2026-06-19 05:36:24] [溢价告警] 财通精选混合LOF(501001) 溢价率: 22.96% (阈值: 10.0%)
[2026-06-20 04:51:46] [溢价告警] 全球芯片LOF(501225) 溢价率: 33.57% (阈值: 10.0%)
[2026-06-20 04:52:38] [溢价告警] 科创建信LOF(501098) 溢价率: 10.40% (阈值: 10.0%)
[2026-06-20 04:52:41] [溢价告警] 科创国寿LOF(501097) 溢价率: 10.65% (阈值: 10.0%)
[2026-06-20 04:53:02] [溢价告警] 财通科创LOF(501085) 溢价率: 11.34% (阈值: 10.0%)
[2026-06-20 04:53:52] [溢价告警] 财通福鑫定开混合(501046) 溢价率: 32.48% (阈值: 10.0%)
[2026-06-20 04:54:06] [溢价告警] 财通福盛混合LOF(501032) 溢价率: 14.40% (阈值: 10.0%)
[2026-06-20 04:54:16] [溢价告警] 财通福瑞混合LOF(501028) 溢价率: 23.85% (阈值: 10.0%)
[2026-06-20 04:54:20] [溢价告警] 财通福享混合LOF(501026) 溢价率: 13.17% (阈值: 10.0%)
[2026-06-20 04:54:33] [溢价告警] 南方原油LOF(501018) 溢价率: 12.05% (阈值: 10.0%)
[2026-06-20 04:54:41] [溢价告警] 财通升级混合LOF(501015) 溢价率: 16.42% (阈值: 10.0%)
[2026-06-20 04:55:00] [溢价告警] 财通精选混合LOF(501001) 溢价率: 22.96% (阈值: 10.0%)
[2026-06-20 08:07:00] [溢价告警] 全球芯片LOF(501225) 溢价率: 33.57% (阈值: 10.0%)
[2026-06-20 08:07:52] [溢价告警] 科创建信LOF(501098) 溢价率: 10.40% (阈值: 10.0%)
[2026-06-20 08:07:54] [溢价告警] 科创国寿LOF(501097) 溢价率: 10.65% (阈值: 10.0%)
[2026-06-20 08:08:15] [溢价告警] 财通科创LOF(501085) 溢价率: 11.34% (阈值: 10.0%)
[2026-06-20 08:09:00] [溢价告警] 财通福鑫定开混合(501046) 溢价率: 32.48% (阈值: 10.0%)
[2026-06-20 08:09:12] [溢价告警] 财通福盛混合LOF(501032) 溢价率: 14.40% (阈值: 10.0%)
[2026-06-20 08:09:21] [溢价告警] 财通福瑞混合LOF(501028) 溢价率: 23.85% (阈值: 10.0%)
[2026-06-20 08:09:22] [溢价告警] 财通福享混合LOF(501026) 溢价率: 13.17% (阈值: 10.0%)
[2026-06-20 08:09:35] [溢价告警] 南方原油LOF(501018) 溢价率: 12.05% (阈值: 10.0%)
[2026-06-20 08:09:43] [溢价告警] 财通升级混合LOF(501015) 溢价率: 16.42% (阈值: 10.0%)
[2026-06-20 08:10:00] [溢价告警] 财通精选混合LOF(501001) 溢价率: 22.96% (阈值: 10.0%)
[2026-06-21 05:27:59] [溢价告警] 全球芯片LOF(501225) 溢价率: 33.57% (阈值: 10.0%)
[2026-06-21 05:28:55] [溢价告警] 科创建信LOF(501098) 溢价率: 10.40% (阈值: 10.0%)
[2026-06-21 05:28:58] [溢价告警] 科创国寿LOF(501097) 溢价率: 10.65% (阈值: 10.0%)
[2026-06-21 05:29:21] [溢价告警] 财通科创LOF(501085) 溢价率: 11.34% (阈值: 10.0%)
[2026-06-21 05:30:07] [溢价告警] 财通福鑫定开混合(501046) 溢价率: 32.48% (阈值: 10.0%)
[2026-06-21 05:30:21] [溢价告警] 财通福盛混合LOF(501032) 溢价率: 14.40% (阈值: 10.0%)
[2026-06-21 05:30:32] [溢价告警] 财通福瑞混合LOF(501028) 溢价率: 23.85% (阈值: 10.0%)
[2026-06-21 05:30:33] [溢价告警] 财通福享混合LOF(501026) 溢价率: 13.17% (阈值: 10.0%)
[2026-06-21 05:30:46] [溢价告警] 南方原油LOF(501018) 溢价率: 12.05% (阈值: 10.0%)
[2026-06-21 05:30:53] [溢价告警] 财通升级混合LOF(501015) 溢价率: 16.42% (阈值: 10.0%)
[2026-06-21 05:31:11] [溢价告警] 财通精选混合LOF(501001) 溢价率: 22.96% (阈值: 10.0%)
[2026-06-21 08:52:25] [溢价告警] 全球芯片LOF(501225) 溢价率: 33.57% (阈值: 10.0%)
[2026-06-21 08:53:19] [溢价告警] 科创建信LOF(501098) 溢价率: 10.40% (阈值: 10.0%)
[2026-06-21 08:53:22] [溢价告警] 科创国寿LOF(501097) 溢价率: 10.65% (阈值: 10.0%)
[2026-06-21 08:53:42] [溢价告警] 财通科创LOF(501085) 溢价率: 11.34% (阈值: 10.0%)
[2026-06-21 08:54:32] [溢价告警] 财通福鑫定开混合(501046) 溢价率: 32.48% (阈值: 10.0%)
[2026-06-21 08:54:57] [溢价告警] 财通福盛混合LOF(501032) 溢价率: 14.40% (阈值: 10.0%)
[2026-06-21 08:54:59] [溢价告警] 财通福瑞混合LOF(501028) 溢价率: 23.85% (阈值: 10.0%)
[2026-06-21 08:55:00] [溢价告警] 财通福享混合LOF(501026) 溢价率: 13.17% (阈值: 10.0%)
[2026-06-21 08:55:11] [溢价告警] 南方原油LOF(501018) 溢价率: 12.05% (阈值: 10.0%)
[2026-06-21 08:55:18] [溢价告警] 财通升级混合LOF(501015) 溢价率: 16.42% (阈值: 10.0%)
[2026-06-21 08:55:37] [溢价告警] 财通精选混合LOF(501001) 溢价率: 22.96% (阈值: 10.0%)
[2026-06-22 05:36:51] [溢价告警] 全球芯片LOF(501225) 溢价率: 31.55% (阈值: 10.0%)
[2026-06-22 05:37:42] [溢价告警] 国联安科创LOF(501096) 溢价率: 14.29% (阈值: 10.0%)
[2026-06-22 05:38:44] [溢价告警] 财通福鑫定开混合(501046) 溢价率: 42.30% (阈值: 10.0%)
[2026-06-22 05:39:05] [溢价告警] 财通福瑞混合LOF(501028) 溢价率: 11.49% (阈值: 10.0%)
[2026-06-22 05:39:16] [溢价告警] 南方原油LOF(501018) 溢价率: 12.49% (阈值: 10.0%)
[2026-06-22 05:39:22] [溢价告警] 财通升级混合LOF(501015) 溢价率: 12.08% (阈值: 10.0%)
[2026-06-22 05:39:37] [溢价告警] 财通精选混合LOF(501001) 溢价率: 10.68% (阈值: 10.0%)
[2026-06-22 10:05:11] [溢价告警] 全球芯片LOF(501225) 溢价率: 31.47% (阈值: 10.0%)
[2026-06-22 10:06:17] [溢价告警] 国联安科创LOF(501096) 溢价率: 14.62% (阈值: 10.0%)
[2026-06-22 10:07:02] [溢价告警] 华安智联LOF(501073) 溢价率: 10.28% (阈值: 10.0%)
[2026-06-22 10:07:37] [溢价告警] 财通福鑫定开混合(501046) 溢价率: 41.44% (阈值: 10.0%)
[2026-06-22 10:08:05] [溢价告警] 财通福瑞混合LOF(501028) 溢价率: 11.49% (阈值: 10.0%)
[2026-06-22 10:08:16] [溢价告警] 南方原油LOF(501018) 溢价率: 12.24% (阈值: 10.0%)
[2026-06-22 10:08:22] [溢价告警] 财通升级混合LOF(501015) 溢价率: 11.51% (阈值: 10.0%)
[2026-06-22 10:08:43] [溢价告警] 财通精选混合LOF(501001) 溢价率: 10.68% (阈值: 10.0%)
[2026-06-23 04:27:16] [溢价告警] 全球芯片LOF(501225) 溢价率: 21.52% (阈值: 10.0%)
[2026-06-23 04:28:02] [溢价告警] 国联安科创LOF(501096) 溢价率: 20.16% (阈值: 10.0%)
[2026-06-23 04:29:24] [溢价告警] 财通福鑫定开混合(501046) 溢价率: 39.42% (阈值: 10.0%)
[2026-06-23 04:29:57] [溢价告警] 南方原油LOF(501018) 溢价率: 11.49% (阈值: 10.0%)
[2026-06-23 08:02:33] [溢价告警] 券商LOF(160633) 溢价率: 10.82% (阈值: 10.0%)
[2026-06-23 08:04:46] [溢价告警] 全球芯片LOF(501225) 溢价率: 21.30% (阈值: 10.0%)
[2026-06-23 08:05:29] [溢价告警] 国联安科创LOF(501096) 溢价率: 21.79% (阈值: 10.0%)
[2026-06-23 08:06:25] [溢价告警] 财通福鑫定开混合(501046) 溢价率: 39.42% (阈值: 10.0%)
[2026-06-24 04:42:55] [溢价告警] 全球芯片LOF(501225) 溢价率: 21.21% (阈值: 10.0%)
[2026-06-24 04:43:20] [溢价告警] 国联安科创LOF(501096) 溢价率: 10.98% (阈值: 10.0%)
[2026-06-24 04:43:37] [溢价告警] 财通福鑫定开混合(501046) 溢价率: 43.86% (阈值: 10.0%)
[2026-06-24 08:01:40] [溢价告警] 全球芯片LOF(501225) 溢价率: 28.20% (阈值: 10.0%)
[2026-06-24 08:02:18] [溢价告警] 国联安科创LOF(501096) 溢价率: 10.98% (阈值: 10.0%)
[2026-06-24 08:02:58] [溢价告警] 财通福鑫定开混合(501046) 溢价率: 44.05% (阈值: 10.0%)
[2026-06-25 04:40:15] [溢价告警] 全球芯片LOF(501225) 溢价率: 38.15% (阈值: 10.0%)
[2026-06-25 04:40:36] [溢价告警] 财通福鑫定开混合(501046) 溢价率: 40.10% (阈值: 10.0%)
[2026-06-25 08:01:49] [溢价告警] 全球芯片LOF(501225) 溢价率: 38.09% (阈值: 10.0%)
[2026-06-25 08:03:22] [溢价告警] 财通福鑫定开混合(501046) 溢价率: 40.10% (阈值: 10.0%)
[2026-06-26 04:51:38] [溢价告警] 全球芯片LOF(501225) 溢价率: 31.47% (阈值: 10.0%)
[2026-06-26 04:53:46] [溢价告警] 财通福鑫定开混合(501046) 溢价率: 24.00% (阈值: 10.0%)
[2026-06-26 08:12:00] [溢价告警] 全球芯片LOF(501225) 溢价率: 31.42% (阈值: 10.0%)
[2026-06-26 08:13:49] [溢价告警] 财通福鑫定开混合(501046) 溢价率: 32.39% (阈值: 10.0%)
[2026-06-27 04:26:10] [溢价告警] 全球芯片LOF(501225) 溢价率: 26.46% (阈值: 10.0%)
[2026-06-27 04:28:08] [溢价告警] 财通福鑫定开混合(501046) 溢价率: 35.90% (阈值: 10.0%)
[2026-06-27 07:35:27] [溢价告警] 全球芯片LOF(501225) 溢价率: 26.46% (阈值: 10.0%)
[2026-06-27 07:37:08] [溢价告警] 财通福鑫定开混合(501046) 溢价率: 35.90% (阈值: 10.0%)
[2026-06-28 04:59:12] [溢价告警] 全球芯片LOF(501225) 溢价率: 26.46% (阈值: 10.0%)
[2026-06-28 05:01:24] [溢价告警] 财通福鑫定开混合(501046) 溢价率: 35.90% (阈值: 10.0%)
[2026-06-28 08:06:44] [溢价告警] 全球芯片LOF(501225) 溢价率: 26.46% (阈值: 10.0%)
[2026-06-28 08:08:05] [溢价告警] 财通福鑫定开混合(501046) 溢价率: 35.90% (阈值: 10.0%)
[2026-06-29 05:09:30] [溢价告警] 全球芯片LOF(501225) 溢价率: 25.12% (阈值: 10.0%)
[2026-06-29 05:11:32] [溢价告警] 财通福鑫定开混合(501046) 溢价率: 29.45% (阈值: 10.0%)
[2026-06-29 09:14:36] [溢价告警] 全球芯片LOF(501225) 溢价率: 32.40% (阈值: 10.0%)
[2026-06-29 09:16:08] [溢价告警] 财通福鑫定开混合(501046) 溢价率: 31.68% (阈值: 10.0%)
[2026-06-30 04:40:16] [溢价告警] 全球芯片LOF(501225) 溢价率: 36.36% (阈值: 10.0%)
[2026-06-30 04:41:13] [溢价告警] 财通福鑫定开混合(501046) 溢价率: 42.36% (阈值: 10.0%)
[2026-06-30 08:09:35] [溢价告警] 全球芯片LOF(501225) 溢价率: 36.47% (阈值: 10.0%)
[2026-06-30 08:10:58] [溢价告警] 财通福鑫定开混合(501046) 溢价率: 42.43% (阈值: 10.0%)
[2026-07-01 05:02:46] [溢价告警] 全球芯片LOF(501225) 溢价率: 30.48% (阈值: 10.0%)
[2026-07-01 05:04:46] [溢价告警] 财通福鑫定开混合(501046) 溢价率: 39.35% (阈值: 10.0%)
[2026-07-01 08:33:03] [溢价告警] 全球芯片LOF(501225) 溢价率: 30.51% (阈值: 10.0%)
[2026-07-01 08:35:12] [溢价告警] 财通福鑫定开混合(501046) 溢价率: 39.35% (阈值: 10.0%)
[2026-07-02 04:38:44] [溢价告警] 全球芯片LOF(501225) 溢价率: 23.59% (阈值: 10.0%)
[2026-07-02 04:40:12] [溢价告警] 财通福鑫定开混合(501046) 溢价率: 31.60% (阈值: 10.0%)
[2026-07-02 07:46:04] [溢价告警] 国投白银LOF(161226) 溢价率: 10.08% (阈值: 10.0%)
[2026-07-02 07:52:53] [溢价告警] 全球芯片LOF(501225) 溢价率: 19.14% (阈值: 10.0%)
[2026-07-02 07:55:30] [溢价告警] 财通福鑫定开混合(501046) 溢价率: 29.64% (阈值: 10.0%)
[2026-07-03 04:10:39] [溢价告警] 国投白银LOF(161226) 溢价率: 16.41% (阈值: 10.0%)
[2026-07-03 04:12:50] [溢价告警] 全球芯片LOF(501225) 溢价率: 27.01% (阈值: 10.0%)
[2026-07-03 04:14:22] [溢价告警] 财通福鑫定开混合(501046) 溢价率: 34.29% (阈值: 10.0%)
[2026-07-03 07:39:12] [溢价告警] 国投白银LOF(161226) 溢价率: 17.50% (阈值: 10.0%)
[2026-07-03 07:44:19] [溢价告警] 全球芯片LOF(501225) 溢价率: 25.59% (阈值: 10.0%)
[2026-07-03 07:46:41] [溢价告警] 财通福鑫定开混合(501046) 溢价率: 34.41% (阈值: 10.0%)
[2026-07-04 04:06:14] [溢价告警] 国投白银LOF(161226) 溢价率: 14.13% (阈值: 10.0%)
[2026-07-04 04:12:07] [溢价告警] 全球芯片LOF(501225) 溢价率: 34.13% (阈值: 10.0%)
[2026-07-04 04:14:21] [溢价告警] 财通福鑫定开混合(501046) 溢价率: 34.35% (阈值: 10.0%)
[2026-07-04 07:18:41] [溢价告警] 国投白银LOF(161226) 溢价率: 14.13% (阈值: 10.0%)
[2026-07-04 07:25:08] [溢价告警] 全球芯片LOF(501225) 溢价率: 34.13% (阈值: 10.0%)
[2026-07-04 07:27:12] [溢价告警] 财通福鑫定开混合(501046) 溢价率: 34.35% (阈值: 10.0%)
[2026-07-05 04:24:09] [溢价告警] 国投白银LOF(161226) 溢价率: 14.13% (阈值: 10.0%)
[2026-07-05 04:29:55] [溢价告警] 全球芯片LOF(501225) 溢价率: 34.13% (阈值: 10.0%)
[2026-07-05 04:32:08] [溢价告警] 财通福鑫定开混合(501046) 溢价率: 34.35% (阈值: 10.0%)
[2026-07-05 07:42:23] [溢价告警] 国投白银LOF(161226) 溢价率: 14.13% (阈值: 10.0%)
[2026-07-05 07:48:30] [溢价告警] 全球芯片LOF(501225) 溢价率: 34.13% (阈值: 10.0%)
[2026-07-05 07:50:50] [溢价告警] 财通福鑫定开混合(501046) 溢价率: 34.35% (阈值: 10.0%)
[2026-07-06 04:42:23] [溢价告警] 国投白银LOF(161226) 溢价率: 16.00% (阈值: 10.0%)
[2026-07-06 04:47:48] [溢价告警] 全球芯片LOF(501225) 溢价率: 30.05% (阈值: 10.0%)
[2026-07-06 04:49:50] [溢价告警] 财通福鑫定开混合(501046) 溢价率: 25.27% (阈值: 10.0%)
[2026-07-06 08:45:18] [溢价告警] 国投白银LOF(161226) 溢价率: 15.94% (阈值: 10.0%)
[2026-07-06 08:51:03] [溢价告警] 全球芯片LOF(501225) 溢价率: 30.38% (阈值: 10.0%)
[2026-07-06 08:53:12] [溢价告警] 财通福鑫定开混合(501046) 溢价率: 20.92% (阈值: 10.0%)
[2026-07-07 04:27:00] [溢价告警] 全球芯片LOF(501225) 溢价率: 27.20% (阈值: 10.0%)
[2026-07-07 04:29:14] [溢价告警] 财通福鑫定开混合(501046) 溢价率: 15.32% (阈值: 10.0%)
[2026-07-07 08:02:14] [溢价告警] 全球芯片LOF(501225) 溢价率: 27.17% (阈值: 10.0%)
[2026-07-07 08:04:20] [溢价告警] 财通福鑫定开混合(501046) 溢价率: 15.49% (阈值: 10.0%)
[2026-07-09 04:17:36] [溢价告警] 原油LOF易方达(161129) 溢价率: 18.12% (阈值: 10.0%)
[2026-07-09 04:19:17] [溢价告警] 嘉实原油LOF(160723) 溢价率: 16.07% (阈值: 10.0%)
[2026-07-09 04:23:22] [溢价告警] 全球芯片LOF(501225) 溢价率: 28.71% (阈值: 10.0%)
[2026-07-09 04:25:49] [溢价告警] 财通福鑫定开混合(501046) 溢价率: 22.16% (阈值: 10.0%)
[2026-07-09 04:26:30] [溢价告警] 南方原油LOF(501018) 溢价率: 23.26% (阈值: 10.0%)
[2026-07-09 08:02:32] [溢价告警] 国投白银LOF(161226) 溢价率: 10.60% (阈值: 10.0%)
[2026-07-09 08:02:59] [溢价告警] 原油LOF易方达(161129) 溢价率: 10.33% (阈值: 10.0%)
[2026-07-09 08:08:51] [溢价告警] 全球芯片LOF(501225) 溢价率: 31.89% (阈值: 10.0%)
[2026-07-09 08:11:22] [溢价告警] 财通福鑫定开混合(501046) 溢价率: 38.00% (阈值: 10.0%)
[2026-07-09 08:12:05] [溢价告警] 南方原油LOF(501018) 溢价率: 15.44% (阈值: 10.0%)
[2026-07-10 04:19:40] [溢价告警] 国投白银LOF(161226) 溢价率: 17.51% (阈值: 10.0%)
[2026-07-10 04:27:51] [溢价告警] 全球芯片LOF(501225) 溢价率: 28.83% (阈值: 10.0%)
[2026-07-10 04:30:30] [溢价告警] 财通福鑫定开混合(501046) 溢价率: 31.73% (阈值: 10.0%)
[2026-07-10 04:31:10] [溢价告警] 南方原油LOF(501018) 溢价率: 11.42% (阈值: 10.0%)
[2026-07-10 07:55:30] [溢价告警] 国投白银LOF(161226) 溢价率: 15.96% (阈值: 10.0%)
[2026-07-10 08:01:35] [溢价告警] 全球芯片LOF(501225) 溢价率: 27.11% (阈值: 10.0%)
[2026-07-10 08:03:50] [溢价告警] 财通福鑫定开混合(501046) 溢价率: 31.73% (阈值: 10.0%)
[2026-07-10 08:04:26] [溢价告警] 南方原油LOF(501018) 溢价率: 10.60% (阈值: 10.0%)
[2026-07-11 03:44:58] [溢价告警] 国投白银LOF(161226) 溢价率: 12.50% (阈值: 10.0%)
[2026-07-11 03:51:36] [溢价告警] 全球芯片LOF(501225) 溢价率: 21.50% (阈值: 10.0%)
[2026-07-11 03:53:47] [溢价告警] 财通福鑫定开混合(501046) 溢价率: 37.81% (阈值: 10.0%)
[2026-07-11 03:54:29] [溢价告警] 南方原油LOF(501018) 溢价率: 13.76% (阈值: 10.0%)
[2026-07-11 06:30:46] [溢价告警] 国投白银LOF(161226) 溢价率: 12.50% (阈值: 10.0%)
[2026-07-11 06:37:14] [溢价告警] 全球芯片LOF(501225) 溢价率: 21.50% (阈值: 10.0%)
[2026-07-11 06:39:21] [溢价告警] 财通福鑫定开混合(501046) 溢价率: 37.81% (阈值: 10.0%)
[2026-07-11 06:39:58] [溢价告警] 南方原油LOF(501018) 溢价率: 13.76% (阈值: 10.0%)
[2026-07-12 03:59:18] [溢价告警] 国投白银LOF(161226) 溢价率: 12.50% (阈值: 10.0%)
[2026-07-12 04:04:26] [溢价告警] 全球芯片LOF(501225) 溢价率: 21.50% (阈值: 10.0%)
[2026-07-12 04:06:40] [溢价告警] 财通福鑫定开混合(501046) 溢价率: 37.81% (阈值: 10.0%)
[2026-07-12 04:07:29] [溢价告警] 南方原油LOF(501018) 溢价率: 13.76% (阈值: 10.0%)
[2026-07-12 06:50:33] [溢价告警] 国投白银LOF(161226) 溢价率: 12.50% (阈值: 10.0%)
[2026-07-12 06:57:27] [溢价告警] 全球芯片LOF(501225) 溢价率: 21.50% (阈值: 10.0%)
[2026-07-12 06:59:43] [溢价告警] 财通福鑫定开混合(501046) 溢价率: 37.81% (阈值: 10.0%)
[2026-07-12 07:00:23] [溢价告警] 南方原油LOF(501018) 溢价率: 13.76% (阈值: 10.0%)
[2026-07-13 04:02:06] [溢价告警] 原油LOF易方达(161129) 溢价率: 15.58% (阈值: 10.0%)
[2026-07-13 04:03:43] [溢价告警] 嘉实原油LOF(160723) 溢价率: 13.50% (阈值: 10.0%)
[2026-07-13 04:07:21] [溢价告警] 全球芯片LOF(501225) 溢价率: 19.51% (阈值: 10.0%)
[2026-07-13 04:09:30] [溢价告警] 财通福鑫定开混合(501046) 溢价率: 24.04% (阈值: 10.0%)
[2026-07-13 04:10:08] [溢价告警] 南方原油LOF(501018) 溢价率: 20.19% (阈值: 10.0%)
[2026-07-13 07:38:33] [溢价告警] 原油LOF易方达(161129) 溢价率: 18.66% (阈值: 10.0%)
[2026-07-13 07:43:40] [溢价告警] 全球芯片LOF(501225) 溢价率: 18.47% (阈值: 10.0%)
[2026-07-13 07:45:26] [溢价告警] 财通福鑫定开混合(501046) 溢价率: 24.03% (阈值: 10.0%)
[2026-07-13 07:46:00] [溢价告警] 南方原油LOF(501018) 溢价率: 21.81% (阈值: 10.0%)
[2026-07-14 03:35:23] [溢价告警] 国投白银LOF(161226) 溢价率: 10.63% (阈值: 10.0%)
[2026-07-14 03:35:31] [溢价告警] 原油LOF易方达(161129) 溢价率: 28.95% (阈值: 10.0%)
[2026-07-14 03:36:42] [溢价告警] 嘉实原油LOF(160723) 溢价率: 24.98% (阈值: 10.0%)
[2026-07-14 03:40:13] [溢价告警] 全球芯片LOF(501225) 溢价率: 17.25% (阈值: 10.0%)
[2026-07-14 03:42:17] [溢价告警] 财通福鑫定开混合(501046) 溢价率: 26.91% (阈值: 10.0%)
[2026-07-14 03:42:58] [溢价告警] 南方原油LOF(501018) 溢价率: 30.71% (阈值: 10.0%)
[2026-07-14 06:25:35] [溢价告警] 国投白银LOF(161226) 溢价率: 13.14% (阈值: 10.0%)
[2026-07-14 06:25:48] [溢价告警] 原油LOF易方达(161129) 溢价率: 28.33% (阈值: 10.0%)
[2026-07-14 06:26:52] [溢价告警] 嘉实原油LOF(160723) 溢价率: 23.84% (阈值: 10.0%)
[2026-07-14 06:29:09] [溢价告警] 全球芯片LOF(501225) 溢价率: 20.60% (阈值: 10.0%)
[2026-07-14 06:30:40] [溢价告警] 财通福鑫定开混合(501046) 溢价率: 36.43% (阈值: 10.0%)
[2026-07-14 06:31:04] [溢价告警] 南方原油LOF(501018) 溢价率: 28.81% (阈值: 10.0%)
[2026-07-15 03:36:11] [溢价告警] 国投白银LOF(161226) 溢价率: 15.26% (阈值: 10.0%)
[2026-07-15 03:36:18] [溢价告警] 原油LOF易方达(161129) 溢价率: 28.37% (阈值: 10.0%)
[2026-07-15 03:37:27] [溢价告警] 嘉实原油LOF(160723) 溢价率: 22.00% (阈值: 10.0%)
[2026-07-15 03:40:50] [溢价告警] 全球芯片LOF(501225) 溢价率: 26.70% (阈值: 10.0%)
[2026-07-15 03:42:53] [溢价告警] 财通福鑫定开混合(501046) 溢价率: 24.69% (阈值: 10.0%)
[2026-07-15 03:43:37] [溢价告警] 南方原油LOF(501018) 溢价率: 26.69% (阈值: 10.0%)
[2026-07-15 06:30:02] [溢价告警] 国投白银LOF(161226) 溢价率: 14.94% (阈值: 10.0%)
[2026-07-15 06:30:14] [溢价告警] 原油LOF易方达(161129) 溢价率: 25.64% (阈值: 10.0%)
[2026-07-15 06:31:29] [溢价告警] 嘉实原油LOF(160723) 溢价率: 18.18% (阈值: 10.0%)
[2026-07-15 06:33:29] [溢价告警] 全球芯片LOF(501225) 溢价率: 26.91% (阈值: 10.0%)
[2026-07-15 06:34:51] [溢价告警] 财通福鑫定开混合(501046) 溢价率: 24.69% (阈值: 10.0%)
[2026-07-15 06:35:19] [溢价告警] 南方原油LOF(501018) 溢价率: 23.09% (阈值: 10.0%)
[2026-07-16 03:39:18] [溢价告警] 国投白银LOF(161226) 溢价率: 11.98% (阈值: 10.0%)
[2026-07-16 03:39:45] [溢价告警] 原油LOF易方达(161129) 溢价率: 12.55% (阈值: 10.0%)
[2026-07-16 03:44:52] [溢价告警] 全球芯片LOF(501225) 溢价率: 20.64% (阈值: 10.0%)
[2026-07-16 03:47:12] [溢价告警] 财通福鑫定开混合(501046) 溢价率: 19.87% (阈值: 10.0%)
[2026-07-16 03:47:45] [溢价告警] 南方原油LOF(501018) 溢价率: 11.00% (阈值: 10.0%)
[2026-07-17 03:40:36] [溢价告警] 国投白银LOF(161226) 溢价率: 12.81% (阈值: 10.0%)
[2026-07-17 03:46:53] [溢价告警] 全球芯片LOF(501225) 溢价率: 14.75% (阈值: 10.0%)
[2026-07-17 03:49:11] [溢价告警] 财通福鑫定开混合(501046) 溢价率: 10.08% (阈值: 10.0%)
[2026-07-17 06:29:16] [溢价告警] 国投白银LOF(161226) 溢价率: 12.62% (阈值: 10.0%)
[2026-07-17 06:32:29] [溢价告警] 全球芯片LOF(501225) 溢价率: 13.62% (阈值: 10.0%)
[2026-07-17 06:33:57] [溢价告警] 财通福鑫定开混合(501046) 溢价率: 10.30% (阈值: 10.0%)
[2026-07-18 03:33:40] [溢价告警] 国投白银LOF(161226) 溢价率: 16.49% (阈值: 10.0%)
[2026-07-18 03:33:50] [溢价告警] 原油LOF易方达(161129) 溢价率: 14.58% (阈值: 10.0%)
[2026-07-18 03:35:19] [溢价告警] 嘉实原油LOF(160723) 溢价率: 10.41% (阈值: 10.0%)
[2026-07-18 03:39:02] [溢价告警] 全球芯片LOF(501225) 溢价率: 16.78% (阈值: 10.0%)
[2026-07-18 03:41:14] [溢价告警] 财通福鑫定开混合(501046) 溢价率: 22.09% (阈值: 10.0%)
[2026-07-18 03:41:54] [溢价告警] 南方原油LOF(501018) 溢价率: 11.80% (阈值: 10.0%)
[2026-07-18 06:22:08] [溢价告警] 国投白银LOF(161226) 溢价率: 16.49% (阈值: 10.0%)
[2026-07-18 06:22:36] [溢价告警] 原油LOF易方达(161129) 溢价率: 14.58% (阈值: 10.0%)
[2026-07-18 06:24:14] [溢价告警] 嘉实原油LOF(160723) 溢价率: 10.41% (阈值: 10.0%)
[2026-07-18 06:27:49] [溢价告警] 全球芯片LOF(501225) 溢价率: 16.78% (阈值: 10.0%)
[2026-07-18 06:30:20] [溢价告警] 财通福鑫定开混合(501046) 溢价率: 22.09% (阈值: 10.0%)
[2026-07-18 06:31:02] [溢价告警] 南方原油LOF(501018) 溢价率: 11.80% (阈值: 10.0%)
[2026-07-19 03:57:08] [溢价告警] 国投白银LOF(161226) 溢价率: 16.49% (阈值: 10.0%)
[2026-07-19 03:57:26] [溢价告警] 原油LOF易方达(161129) 溢价率: 14.58% (阈值: 10.0%)
[2026-07-19 03:59:28] [溢价告警] 嘉实原油LOF(160723) 溢价率: 10.41% (阈值: 10.0%)
[2026-07-19 04:03:20] [溢价告警] 全球芯片LOF(501225) 溢价率: 16.78% (阈值: 10.0%)
[2026-07-19 04:05:28] [溢价告警] 财通福鑫定开混合(501046) 溢价率: 22.09% (阈值: 10.0%)
[2026-07-19 04:06:13] [溢价告警] 南方原油LOF(501018) 溢价率: 11.80% (阈值: 10.0%)
[2026-07-19 06:47:35] [溢价告警] 国投白银LOF(161226) 溢价率: 16.49% (阈值: 10.0%)
[2026-07-19 06:48:01] [溢价告警] 原油LOF易方达(161129) 溢价率: 14.58% (阈值: 10.0%)
[2026-07-19 06:49:53] [溢价告警] 嘉实原油LOF(160723) 溢价率: 10.41% (阈值: 10.0%)
[2026-07-19 06:53:49] [溢价告警] 全球芯片LOF(501225) 溢价率: 16.78% (阈值: 10.0%)
[2026-07-19 06:56:13] [溢价告警] 财通福鑫定开混合(501046) 溢价率: 22.09% (阈值: 10.0%)
[2026-07-19 06:57:00] [溢价告警] 南方原油LOF(501018) 溢价率: 11.80% (阈值: 10.0%)
[2026-07-20 04:07:10] [溢价告警] 国投白银LOF(161226) 溢价率: 17.73% (阈值: 10.0%)
[2026-07-20 04:07:32] [溢价告警] 原油LOF易方达(161129) 溢价率: 22.54% (阈值: 10.0%)
[2026-07-20 04:09:36] [溢价告警] 嘉实原油LOF(160723) 溢价率: 17.25% (阈值: 10.0%)
[2026-07-20 04:13:29] [溢价告警] 全球芯片LOF(501225) 溢价率: 17.91% (阈值: 10.0%)
[2026-07-20 04:15:50] [溢价告警] 财通福鑫定开混合(501046) 溢价率: 12.08% (阈值: 10.0%)
[2026-07-20 04:16:32] [溢价告警] 南方原油LOF(501018) 溢价率: 18.77% (阈值: 10.0%)
[2026-07-20 07:29:14] [溢价告警] 国投白银LOF(161226) 溢价率: 17.34% (阈值: 10.0%)
[2026-07-20 07:29:29] [溢价告警] 原油LOF易方达(161129) 溢价率: 26.01% (阈值: 10.0%)
[2026-07-20 07:31:03] [溢价告警] 嘉实原油LOF(160723) 溢价率: 21.45% (阈值: 10.0%)
[2026-07-20 07:33:43] [溢价告警] 全球芯片LOF(501225) 溢价率: 16.37% (阈值: 10.0%)
[2026-07-20 07:36:53] [溢价告警] 南方原油LOF(501018) 溢价率: 22.98% (阈值: 10.0%)
[2026-07-21 03:46:53] [溢价告警] 国投白银LOF(161226) 溢价率: 17.54% (阈值: 10.0%)
[2026-07-21 03:47:01] [溢价告警] 原油LOF易方达(161129) 溢价率: 17.01% (阈值: 10.0%)
[2026-07-21 03:48:50] [溢价告警] 嘉实原油LOF(160723) 溢价率: 12.66% (阈值: 10.0%)
[2026-07-21 03:50:55] [溢价告警] 华夏行业LOF(160314) 溢价率: 14.44% (阈值: 10.0%)
[2026-07-21 03:52:55] [溢价告警] 全球芯片LOF(501225) 溢价率: 26.73% (阈值: 10.0%)
[2026-07-21 03:53:53] [溢价告警] 科创建信LOF(501098) 溢价率: 10.54% (阈值: 10.0%)
[2026-07-21 03:55:12] [溢价告警] 财通福鑫定开混合(501046) 溢价率: 27.18% (阈值: 10.0%)
[2026-07-21 03:55:53] [溢价告警] 南方原油LOF(501018) 溢价率: 16.86% (阈值: 10.0%)
[2026-07-22 03:48:26] [溢价告警] 国投白银LOF(161226) 溢价率: 23.96% (阈值: 10.0%)
[2026-07-22 03:48:35] [溢价告警] 原油LOF易方达(161129) 溢价率: 21.64% (阈值: 10.0%)
[2026-07-22 03:49:58] [溢价告警] 嘉实原油LOF(160723) 溢价率: 16.85% (阈值: 10.0%)
[2026-07-22 03:53:35] [溢价告警] 全球芯片LOF(501225) 溢价率: 34.89% (阈值: 10.0%)
[2026-07-22 03:55:53] [溢价告警] 财通福鑫定开混合(501046) 溢价率: 17.63% (阈值: 10.0%)
[2026-07-22 03:56:32] [溢价告警] 南方原油LOF(501018) 溢价率: 22.27% (阈值: 10.0%)
[2026-07-22 06:45:46] [溢价告警] 国投白银LOF(161226) 溢价率: 20.68% (阈值: 10.0%)
[2026-07-22 06:46:12] [溢价告警] 原油LOF易方达(161129) 溢价率: 24.56% (阈值: 10.0%)
[2026-07-22 06:47:33] [溢价告警] 嘉实原油LOF(160723) 溢价率: 18.68% (阈值: 10.0%)
[2026-07-22 06:50:10] [溢价告警] 全球芯片LOF(501225) 溢价率: 34.89% (阈值: 10.0%)
[2026-07-22 06:51:35] [溢价告警] 财通福鑫定开混合(501046) 溢价率: 10.19% (阈值: 10.0%)
[2026-07-22 06:51:58] [溢价告警] 南方原油LOF(501018) 溢价率: 24.66% (阈值: 10.0%)
[2026-07-23 03:46:47] [溢价告警] 国投白银LOF(161226) 溢价率: 17.25% (阈值: 10.0%)
[2026-07-23 03:47:11] [溢价告警] 原油LOF易方达(161129) 溢价率: 27.47% (阈值: 10.0%)
[2026-07-23 03:48:55] [溢价告警] 嘉实原油LOF(160723) 溢价率: 21.38% (阈值: 10.0%)
[2026-07-23 03:53:46] [溢价告警] 全球芯片LOF(501225) 溢价率: 21.49% (阈值: 10.0%)
[2026-07-23 03:56:29] [溢价告警] 财通福鑫定开混合(501046) 溢价率: 11.27% (阈值: 10.0%)
[2026-07-23 03:57:11] [溢价告警] 南方原油LOF(501018) 溢价率: 25.37% (阈值: 10.0%)
[2026-07-23 06:42:14] [溢价告警] 国投白银LOF(161226) 溢价率: 16.03% (阈值: 10.0%)
[2026-07-23 06:42:31] [溢价告警] 原油LOF易方达(161129) 溢价率: 26.16% (阈值: 10.0%)
[2026-07-23 06:43:31] [溢价告警] 嘉实原油LOF(160723) 溢价率: 20.29% (阈值: 10.0%)
[2026-07-23 06:45:59] [溢价告警] 全球芯片LOF(501225) 溢价率: 24.35% (阈值: 10.0%)
[2026-07-23 06:47:31] [溢价告警] 财通福鑫定开混合(501046) 溢价率: 10.18% (阈值: 10.0%)
[2026-07-23 06:47:59] [溢价告警] 南方原油LOF(501018) 溢价率: 22.86% (阈值: 10.0%)
[2026-07-24 03:45:39] [溢价告警] 银华纯债LOF(161820) 溢价率: 11.14% (阈值: 10.0%)
[2026-07-24 03:46:04] [溢价告警] 原油LOF易方达(161129) 溢价率: 32.91% (阈值: 10.0%)
[2026-07-24 03:47:08] [溢价告警] 嘉实原油LOF(160723) 溢价率: 25.55% (阈值: 10.0%)
[2026-07-24 03:50:29] [溢价告警] 全球芯片LOF(501225) 溢价率: 20.63% (阈值: 10.0%)
[2026-07-24 03:53:10] [溢价告警] 南方原油LOF(501018) 溢价率: 26.39% (阈值: 10.0%)
[2026-07-24 06:40:29] [溢价告警] 银华纯债LOF(161820) 溢价率: 11.14% (阈值: 10.0%)
[2026-07-24 06:41:40] [溢价告警] 原油LOF易方达(161129) 溢价率: 29.27% (阈值: 10.0%)
[2026-07-24 06:42:56] [溢价告警] 嘉实原油LOF(160723) 溢价率: 21.80% (阈值: 10.0%)
[2026-07-24 06:45:39] [溢价告警] 全球芯片LOF(501225) 溢价率: 22.12% (阈值: 10.0%)
[2026-07-24 06:47:37] [溢价告警] 南方原油LOF(501018) 溢价率: 22.51% (阈值: 10.0%)
[2026-07-25 03:39:25] [溢价告警] 银华纯债LOF(161820) 溢价率: 11.13% (阈值: 10.0%)
[2026-07-25 03:40:31] [溢价告警] 国投白银LOF(161226) 溢价率: 14.21% (阈值: 10.0%)
[2026-07-25 03:40:57] [溢价告警] 原油LOF易方达(161129) 溢价率: 21.47% (阈值: 10.0%)
[2026-07-25 03:43:08] [溢价告警] 嘉实原油LOF(160723) 溢价率: 15.37% (阈值: 10.0%)
[2026-07-25 03:47:05] [溢价告警] 全球芯片LOF(501225) 溢价率: 22.98% (阈值: 10.0%)
[2026-07-25 03:50:17] [溢价告警] 南方原油LOF(501018) 溢价率: 14.94% (阈值: 10.0%)
[2026-07-25 06:30:54] [溢价告警] 银华纯债LOF(161820) 溢价率: 11.13% (阈值: 10.0%)
[2026-07-25 06:31:34] [溢价告警] 国投白银LOF(161226) 溢价率: 14.21% (阈值: 10.0%)
[2026-07-25 06:31:48] [溢价告警] 原油LOF易方达(161129) 溢价率: 21.47% (阈值: 10.0%)
[2026-07-25 06:33:30] [溢价告警] 嘉实原油LOF(160723) 溢价率: 15.37% (阈值: 10.0%)
[2026-07-25 06:36:57] [溢价告警] 全球芯片LOF(501225) 溢价率: 22.98% (阈值: 10.0%)
[2026-07-25 06:39:08] [溢价告警] 南方原油LOF(501018) 溢价率: 14.94% (阈值: 10.0%)
[2026-07-26 03:58:11] [溢价告警] 银华纯债LOF(161820) 溢价率: 11.13% (阈值: 10.0%)
[2026-07-26 03:59:18] [溢价告警] 国投白银LOF(161226) 溢价率: 14.21% (阈值: 10.0%)
[2026-07-26 03:59:43] [溢价告警] 原油LOF易方达(161129) 溢价率: 21.47% (阈值: 10.0%)
[2026-07-26 04:01:42] [溢价告警] 嘉实原油LOF(160723) 溢价率: 15.37% (阈值: 10.0%)
[2026-07-26 04:05:58] [溢价告警] 全球芯片LOF(501225) 溢价率: 22.98% (阈值: 10.0%)
[2026-07-26 04:08:52] [溢价告警] 南方原油LOF(501018) 溢价率: 14.94% (阈值: 10.0%)
[2026-07-26 06:52:09] [溢价告警] 银华纯债LOF(161820) 溢价率: 11.13% (阈值: 10.0%)
[2026-07-26 06:53:15] [溢价告警] 国投白银LOF(161226) 溢价率: 14.21% (阈值: 10.0%)
[2026-07-26 06:53:51] [溢价告警] 原油LOF易方达(161129) 溢价率: 21.47% (阈值: 10.0%)
[2026-07-26 06:55:30] [溢价告警] 嘉实原油LOF(160723) 溢价率: 15.37% (阈值: 10.0%)
[2026-07-26 06:59:37] [溢价告警] 全球芯片LOF(501225) 溢价率: 22.98% (阈值: 10.0%)
[2026-07-26 07:02:39] [溢价告警] 南方原油LOF(501018) 溢价率: 14.94% (阈值: 10.0%)
[2026-07-27 04:04:30] [溢价告警] 国投白银LOF(161226) 溢价率: 16.27% (阈值: 10.0%)
[2026-07-27 04:04:53] [溢价告警] 原油LOF易方达(161129) 溢价率: 10.66% (阈值: 10.0%)
[2026-07-27 04:10:08] [溢价告警] 全球芯片LOF(501225) 溢价率: 24.36% (阈值: 10.0%)
[2026-07-27 07:52:01] [溢价告警] 国投白银LOF(161226) 溢价率: 17.46% (阈值: 10.0%)
[2026-07-27 07:58:04] [溢价告警] 全球芯片LOF(501225) 溢价率: 26.87% (阈值: 10.0%)
[2026-07-27 08:00:11] [溢价告警] 财通福鑫定开混合(501046) 溢价率: 15.49% (阈值: 10.0%)
[2026-07-28 03:36:40] [溢价告警] 国投白银LOF(161226) 溢价率: 12.39% (阈值: 10.0%)
[2026-07-28 03:41:32] [溢价告警] 全球芯片LOF(501225) 溢价率: 22.71% (阈值: 10.0%)
[2026-07-28 06:42:12] [溢价告警] 国投白银LOF(161226) 溢价率: 12.64% (阈值: 10.0%)
[2026-07-28 06:46:56] [溢价告警] 全球芯片LOF(501225) 溢价率: 21.22% (阈值: 10.0%)
[2026-07-29 03:41:52] [溢价告警] 国投白银LOF(161226) 溢价率: 14.93% (阈值: 10.0%)
[2026-07-29 03:42:01] [溢价告警] 原油LOF易方达(161129) 溢价率: 15.10% (阈值: 10.0%)
[2026-07-29 03:43:03] [溢价告警] 嘉实原油LOF(160723) 溢价率: 10.88% (阈值: 10.0%)
[2026-07-29 03:46:55] [溢价告警] 全球芯片LOF(501225) 溢价率: 15.35% (阈值: 10.0%)
[2026-07-29 03:48:58] [溢价告警] 财通福鑫定开混合(501046) 溢价率: 13.41% (阈值: 10.0%)
[2026-07-29 03:49:40] [溢价告警] 南方原油LOF(501018) 溢价率: 11.63% (阈值: 10.0%)
[2026-07-29 06:45:53] [溢价告警] 国投白银LOF(161226) 溢价率: 16.24% (阈值: 10.0%)
[2026-07-29 06:46:14] [溢价告警] 原油LOF易方达(161129) 溢价率: 14.61% (阈值: 10.0%)
[2026-07-29 06:47:32] [溢价告警] 嘉实原油LOF(160723) 溢价率: 10.32% (阈值: 10.0%)
[2026-07-29 06:50:10] [溢价告警] 全球芯片LOF(501225) 溢价率: 22.14% (阈值: 10.0%)
[2026-07-29 06:51:42] [溢价告警] 财通福鑫定开混合(501046) 溢价率: 20.73% (阈值: 10.0%)
[2026-07-29 06:52:21] [溢价告警] 南方原油LOF(501018) 溢价率: 10.99% (阈值: 10.0%)
[2026-07-30 03:30:00] [溢价告警] 国投白银LOF(161226) 溢价率: 17.06% (阈值: 10.0%)
[2026-07-30 03:30:07] [溢价告警] 原油LOF易方达(161129) 溢价率: 24.26% (阈值: 10.0%)
[2026-07-30 03:30:37] [溢价告警] 嘉实原油LOF(160723) 溢价率: 17.42% (阈值: 10.0%)
[2026-07-30 03:33:19] [溢价告警] 全球芯片LOF(501225) 溢价率: 24.26% (阈值: 10.0%)
[2026-07-30 03:35:29] [溢价告警] 南方原油LOF(501018) 溢价率: 18.28% (阈值: 10.0%)
[2026-07-30 06:42:27] [溢价告警] 国投白银LOF(161226) 溢价率: 17.94% (阈值: 10.0%)
[2026-07-30 06:42:49] [溢价告警] 原油LOF易方达(161129) 溢价率: 27.88% (阈值: 10.0%)
[2026-07-30 06:43:50] [溢价告警] 嘉实原油LOF(160723) 溢价率: 20.60% (阈值: 10.0%)
[2026-07-30 06:46:12] [溢价告警] 全球芯片LOF(501225) 溢价率: 23.77% (阈值: 10.0%)
[2026-07-30 06:47:40] [溢价告警] 财通福鑫定开混合(501046) 溢价率: 16.01% (阈值: 10.0%)
[2026-07-30 06:48:09] [溢价告警] 南方原油LOF(501018) 溢价率: 22.27% (阈值: 10.0%)
[2026-07-31 03:53:45] [溢价告警] 国投白银LOF(161226) 溢价率: 17.76% (阈值: 10.0%)
[2026-07-31 03:54:08] [溢价告警] 原油LOF易方达(161129) 溢价率: 19.02% (阈值: 10.0%)
[2026-07-31 03:55:56] [溢价告警] 嘉实原油LOF(160723) 溢价率: 11.10% (阈值: 10.0%)
[2026-07-31 03:57:31] [溢价告警] 博时卓越LOF(160512) 溢价率: 10.72% (阈值: 10.0%)
[2026-07-31 03:59:36] [溢价告警] 全球芯片LOF(501225) 溢价率: 37.00% (阈值: 10.0%)
[2026-07-31 04:01:33] [溢价告警] 财通福鑫定开混合(501046) 溢价率: 26.58% (阈值: 10.0%)
[2026-07-31 04:02:08] [溢价告警] 南方原油LOF(501018) 溢价率: 14.62% (阈值: 10.0%)
[2026-07-31 06:56:32] [溢价告警] 国投白银LOF(161226) 溢价率: 18.14% (阈值: 10.0%)
[2026-07-31 06:56:50] [溢价告警] 原油LOF易方达(161129) 溢价率: 17.58% (阈值: 10.0%)
[2026-07-31 06:58:01] [溢价告警] 嘉实原油LOF(160723) 溢价率: 10.25% (阈值: 10.0%)
[2026-07-31 07:00:47] [溢价告警] 全球芯片LOF(501225) 溢价率: 37.00% (阈值: 10.0%)
[2026-07-31 07:02:16] [溢价告警] 财通福鑫定开混合(501046) 溢价率: 23.73% (阈值: 10.0%)
[2026-07-31 07:02:42] [溢价告警] 南方原油LOF(501018) 溢价率: 14.91% (阈值: 10.0%)
[2026-08-01 03:54:35] [溢价告警] 国投白银LOF(161226) 溢价率: 17.08% (阈值: 10.0%)
[2026-08-01 03:55:03] [溢价告警] 原油LOF易方达(161129) 溢价率: 18.60% (阈值: 10.0%)
[2026-08-01 03:57:03] [溢价告警] 嘉实原油LOF(160723) 溢价率: 11.75% (阈值: 10.0%)
[2026-08-01 04:02:03] [溢价告警] 全球芯片LOF(501225) 溢价率: 30.85% (阈值: 10.0%)
[2026-08-01 04:04:56] [溢价告警] 财通福鑫定开混合(501046) 溢价率: 18.04% (阈值: 10.0%)
[2026-08-01 04:06:03] [溢价告警] 南方原油LOF(501018) 溢价率: 15.28% (阈值: 10.0%)
[2026-08-01 06:44:02] [溢价告警] 国投白银LOF(161226) 溢价率: 17.08% (阈值: 10.0%)
[2026-08-01 06:44:26] [溢价告警] 原油LOF易方达(161129) 溢价率: 18.60% (阈值: 10.0%)
[2026-08-01 06:46:23] [溢价告警] 嘉实原油LOF(160723) 溢价率: 11.75% (阈值: 10.0%)
[2026-08-01 06:50:01] [溢价告警] 全球芯片LOF(501225) 溢价率: 30.85% (阈值: 10.0%)
[2026-08-01 06:52:33] [溢价告警] 财通福鑫定开混合(501046) 溢价率: 18.04% (阈值: 10.0%)
[2026-08-01 06:53:13] [溢价告警] 南方原油LOF(501018) 溢价率: 15.28% (阈值: 10.0%)
[2026-08-02 03:57:43] [溢价告警] 国投白银LOF(161226) 溢价率: 17.08% (阈值: 10.0%)
[2026-08-02 03:58:09] [溢价告警] 原油LOF易方达(161129) 溢价率: 18.60% (阈值: 10.0%)
[2026-08-02 04:00:37] [溢价告警] 嘉实原油LOF(160723) 溢价率: 11.75% (阈值: 10.0%)
[2026-08-02 04:06:05] [溢价告警] 全球芯片LOF(501225) 溢价率: 30.85% (阈值: 10.0%)
[2026-08-02 04:08:45] [溢价告警] 财通福鑫定开混合(501046) 溢价率: 18.04% (阈值: 10.0%)
[2026-08-02 04:09:42] [溢价告警] 南方原油LOF(501018) 溢价率: 15.28% (阈值: 10.0%)
[2026-08-02 06:49:36] [溢价告警] 国投白银LOF(161226) 溢价率: 17.08% (阈值: 10.0%)
[2026-08-02 06:50:01] [溢价告警] 原油LOF易方达(161129) 溢价率: 18.60% (阈值: 10.0%)
[2026-08-02 06:51:43] [溢价告警] 嘉实原油LOF(160723) 溢价率: 11.75% (阈值: 10.0%)
[2026-08-02 06:55:08] [溢价告警] 全球芯片LOF(501225) 溢价率: 30.85% (阈值: 10.0%)
[2026-08-02 06:57:32] [溢价告警] 财通福鑫定开混合(501046) 溢价率: 18.04% (阈值: 10.0%)
[2026-08-02 06:58:30] [溢价告警] 南方原油LOF(501018) 溢价率: 15.28% (阈值: 10.0%)
[2026-08-03 03:56:27] [溢价告警] 国投白银LOF(161226) 溢价率: 17.02% (阈值: 10.0%)
[2026-08-03 03:56:50] [溢价告警] 原油LOF易方达(161129) 溢价率: 13.82% (阈值: 10.0%)
[2026-08-03 03:57:20] [溢价告警] 娱乐增强LOF(161036) 溢价率: 10.51% (阈值: 10.0%)
[2026-08-03 04:01:46] [溢价告警] 全球芯片LOF(501225) 溢价率: 28.10% (阈值: 10.0%)
[2026-08-03 04:03:44] [溢价告警] 财通福鑫定开混合(501046) 溢价率: 13.13% (阈值: 10.0%)
[2026-08-03 04:04:31] [溢价告警] 南方原油LOF(501018) 溢价率: 12.33% (阈值: 10.0%)
[2026-08-03 08:01:47] [溢价告警] 国投白银LOF(161226) 溢价率: 17.08% (阈值: 10.0%)
[2026-08-03 08:02:50] [溢价告警] 原油LOF易方达(161129) 溢价率: 11.95% (阈值: 10.0%)
[2026-08-03 08:19:17] [溢价告警] 全球芯片LOF(501225) 溢价率: 27.31% (阈值: 10.0%)
[2026-08-03 08:23:36] [溢价告警] 财通福鑫定开混合(501046) 溢价率: 10.87% (阈值: 10.0%)
[2026-08-03 08:25:06] [溢价告警] 南方原油LOF(501018) 溢价率: 10.01% (阈值: 10.0%)
[2026-08-04 03:40:02] [溢价告警] 国投白银LOF(161226) 溢价率: 18.86% (阈值: 10.0%)
[2026-08-04 03:40:33] [溢价告警] 原油LOF易方达(161129) 溢价率: 14.47% (阈值: 10.0%)
[2026-08-04 03:46:05] [溢价告警] 全球芯片LOF(501225) 溢价率: 29.15% (阈值: 10.0%)
[2026-08-04 03:48:34] [溢价告警] 财通福鑫定开混合(501046) 溢价率: 17.43% (阈值: 10.0%)
[2026-08-04 03:49:22] [溢价告警] 南方原油LOF(501018) 溢价率: 13.32% (阈值: 10.0%)
[2026-08-04 06:42:57] [溢价告警] 国投白银LOF(161226) 溢价率: 18.98% (阈值: 10.0%)
[2026-08-04 06:43:14] [溢价告警] 原油LOF易方达(161129) 溢价率: 13.63% (阈值: 10.0%)
[2026-08-04 06:47:49] [溢价告警] 全球芯片LOF(501225) 溢价率: 30.83% (阈值: 10.0%)
[2026-08-04 06:49:57] [溢价告警] 财通福鑫定开混合(501046) 溢价率: 20.35% (阈值: 10.0%)
[2026-08-04 06:50:31] [溢价告警] 南方原油LOF(501018) 溢价率: 12.52% (阈值: 10.0%)
[2026-08-05 03:35:04] [溢价告警] 国投白银LOF(161226) 溢价率: 24.22% (阈值: 10.0%)
[2026-08-05 03:35:26] [溢价告警] 原油LOF易方达(161129) 溢价率: 13.14% (阈值: 10.0%)
[2026-08-05 03:35:28] [溢价告警] 标普信息科技LOF(161128) 溢价率: 11.06% (阈值: 10.0%)
[2026-08-05 03:40:53] [溢价告警] 全球芯片LOF(501225) 溢价率: 39.34% (阈值: 10.0%)
[2026-08-05 03:43:03] [溢价告警] 财通福鑫定开混合(501046) 溢价率: 16.86% (阈值: 10.0%)
[2026-08-05 03:43:37] [溢价告警] 南方原油LOF(501018) 溢价率: 14.04% (阈值: 10.0%)
[2026-08-05 06:43:49] [溢价告警] 国投白银LOF(161226) 溢价率: 27.30% (阈值: 10.0%)
[2026-08-05 06:44:03] [溢价告警] 原油LOF易方达(161129) 溢价率: 13.33% (阈值: 10.0%)
[2026-08-05 06:44:04] [溢价告警] 标普信息科技LOF(161128) 溢价率: 11.11% (阈值: 10.0%)
[2026-08-05 06:48:44] [溢价告警] 全球芯片LOF(501225) 溢价率: 39.34% (阈值: 10.0%)
[2026-08-05 06:50:49] [溢价告警] 财通福鑫定开混合(501046) 溢价率: 17.74% (阈值: 10.0%)
[2026-08-05 06:51:27] [溢价告警] 南方原油LOF(501018) 溢价率: 14.94% (阈值: 10.0%)
[2026-08-06 03:38:51] [溢价告警] 国投白银LOF(161226) 溢价率: 22.30% (阈值: 10.0%)
[2026-08-06 03:39:15] [溢价告警] 原油LOF易方达(161129) 溢价率: 19.50% (阈值: 10.0%)
[2026-08-06 03:40:58] [溢价告警] 嘉实原油LOF(160723) 溢价率: 13.66% (阈值: 10.0%)
[2026-08-06 03:44:53] [溢价告警] 全球芯片LOF(501225) 溢价率: 31.21% (阈值: 10.0%)
[2026-08-06 03:47:16] [溢价告警] 财通福鑫定开混合(501046) 溢价率: 19.57% (阈值: 10.0%)
[2026-08-06 03:47:51] [溢价告警] 南方原油LOF(501018) 溢价率: 22.68% (阈值: 10.0%)
[2026-08-06 06:48:47] [溢价告警] 国投白银LOF(161226) 溢价率: 22.30% (阈值: 10.0%)
[2026-08-06 06:49:05] [溢价告警] 原油LOF易方达(161129) 溢价率: 19.50% (阈值: 10.0%)
[2026-08-06 06:50:15] [溢价告警] 嘉实原油LOF(160723) 溢价率: 14.92% (阈值: 10.0%)
[2026-08-06 06:53:54] [溢价告警] 全球芯片LOF(501225) 溢价率: 31.21% (阈值: 10.0%)
[2026-08-06 06:56:07] [溢价告警] 财通福鑫定开混合(501046) 溢价率: 23.27% (阈值: 10.0%)
[2026-08-06 06:56:46] [溢价告警] 南方原油LOF(501018) 溢价率: 23.24% (阈值: 10.0%)
[2026-08-07 03:16:28] [溢价告警] 中银中国LOF(163801) 溢价率: 10.07% (阈值: 10.0%)
[2026-08-07 03:19:14] [溢价告警] 国投白银LOF(161226) 溢价率: 18.11% (阈值: 10.0%)
[2026-08-07 03:19:36] [溢价告警] 原油LOF易方达(161129) 溢价率: 23.75% (阈值: 10.0%)
[2026-08-07 03:21:23] [溢价告警] 嘉实原油LOF(160723) 溢价率: 18.29% (阈值: 10.0%)
[2026-08-07 03:25:17] [溢价告警] 全球芯片LOF(501225) 溢价率: 31.97% (阈值: 10.0%)
[2026-08-07 03:27:33] [溢价告警] 财通福鑫定开混合(501046) 溢价率: 33.58% (阈值: 10.0%)
[2026-08-07 03:28:15] [溢价告警] 南方原油LOF(501018) 溢价率: 27.66% (阈值: 10.0%)
[2026-08-07 05:51:55] [溢价告警] 国投白银LOF(161226) 溢价率: 20.03% (阈值: 10.0%)
[2026-08-07 05:52:04] [溢价告警] 原油LOF易方达(161129) 溢价率: 22.89% (阈值: 10.0%)
[2026-08-07 05:52:58] [溢价告警] 嘉实原油LOF(160723) 溢价率: 18.29% (阈值: 10.0%)
[2026-08-07 05:55:12] [溢价告警] 全球芯片LOF(501225) 溢价率: 31.94% (阈值: 10.0%)
[2026-08-07 05:56:15] [溢价告警] 财通科创LOF(501085) 溢价率: 11.08% (阈值: 10.0%)
[2026-08-07 05:56:49] [溢价告警] 财通福鑫定开混合(501046) 溢价率: 34.59% (阈值: 10.0%)
[2026-08-07 05:57:13] [溢价告警] 南方原油LOF(501018) 溢价率: 26.03% (阈值: 10.0%)
[2026-08-08 02:26:04] [溢价告警] 国投白银LOF(161226) 溢价率: 27.12% (阈值: 10.0%)
[2026-08-08 02:26:26] [溢价告警] 原油LOF易方达(161129) 溢价率: 17.35% (阈值: 10.0%)
[2026-08-08 02:28:30] [溢价告警] 嘉实原油LOF(160723) 溢价率: 13.78% (阈值: 10.0%)
[2026-08-08 02:32:41] [溢价告警] 全球芯片LOF(501225) 溢价率: 31.13% (阈值: 10.0%)
[2026-08-08 02:35:40] [溢价告警] 财通福鑫定开混合(501046) 溢价率: 28.28% (阈值: 10.0%)
[2026-08-08 02:36:31] [溢价告警] 南方原油LOF(501018) 溢价率: 18.85% (阈值: 10.0%)
[2026-08-08 05:14:13] [溢价告警] 国投白银LOF(161226) 溢价率: 27.12% (阈值: 10.0%)
[2026-08-08 05:14:44] [溢价告警] 原油LOF易方达(161129) 溢价率: 17.35% (阈值: 10.0%)
[2026-08-08 05:16:22] [溢价告警] 嘉实原油LOF(160723) 溢价率: 13.78% (阈值: 10.0%)
[2026-08-08 05:20:04] [溢价告警] 全球芯片LOF(501225) 溢价率: 31.13% (阈值: 10.0%)
[2026-08-08 05:22:35] [溢价告警] 财通福鑫定开混合(501046) 溢价率: 28.28% (阈值: 10.0%)
[2026-08-08 05:23:16] [溢价告警] 南方原油LOF(501018) 溢价率: 18.85% (阈值: 10.0%)
[2026-08-09 02:32:39] [溢价告警] 国投白银LOF(161226) 溢价率: 27.12% (阈值: 10.0%)
[2026-08-09 02:33:13] [溢价告警] 原油LOF易方达(161129) 溢价率: 17.35% (阈值: 10.0%)
[2026-08-09 02:35:00] [溢价告警] 嘉实原油LOF(160723) 溢价率: 13.78% (阈值: 10.0%)
[2026-08-09 02:39:29] [溢价告警] 全球芯片LOF(501225) 溢价率: 31.13% (阈值: 10.0%)
[2026-08-09 02:42:02] [溢价告警] 财通福鑫定开混合(501046) 溢价率: 28.28% (阈值: 10.0%)
[2026-08-09 02:42:56] [溢价告警] 南方原油LOF(501018) 溢价率: 18.85% (阈值: 10.0%)
[2026-08-09 05:22:35] [溢价告警] 国投白银LOF(161226) 溢价率: 27.12% (阈值: 10.0%)
[2026-08-09 05:23:00] [溢价告警] 原油LOF易方达(161129) 溢价率: 17.35% (阈值: 10.0%)
[2026-08-09 05:24:50] [溢价告警] 嘉实原油LOF(160723) 溢价率: 13.78% (阈值: 10.0%)
[2026-08-09 05:29:11] [溢价告警] 全球芯片LOF(501225) 溢价率: 31.13% (阈值: 10.0%)
[2026-08-09 05:31:37] [溢价告警] 财通福鑫定开混合(501046) 溢价率: 28.28% (阈值: 10.0%)
[2026-08-09 05:32:28] [溢价告警] 南方原油LOF(501018) 溢价率: 18.85% (阈值: 10.0%)
[2026-08-10 02:38:49] [溢价告警] 国投白银LOF(161226) 溢价率: 21.36% (阈值: 10.0%)
[2026-08-10 02:39:12] [溢价告警] 原油LOF易方达(161129) 溢价率: 16.06% (阈值: 10.0%)
[2026-08-10 02:41:22] [溢价告警] 嘉实原油LOF(160723) 溢价率: 12.39% (阈值: 10.0%)
[2026-08-10 02:45:28] [溢价告警] 全球芯片LOF(501225) 溢价率: 18.02% (阈值: 10.0%)
[2026-08-10 02:47:54] [溢价告警] 财通福鑫定开混合(501046) 溢价率: 22.95% (阈值: 10.0%)
[2026-08-10 02:48:46] [溢价告警] 南方原油LOF(501018) 溢价率: 17.50% (阈值: 10.0%)
[2026-08-10 05:48:15] [溢价告警] 国投白银LOF(161226) 溢价率: 16.64% (阈值: 10.0%)
[2026-08-10 05:48:31] [溢价告警] 原油LOF易方达(161129) 溢价率: 12.15% (阈值: 10.0%)
[2026-08-10 05:54:15] [溢价告警] 全球芯片LOF(501225) 溢价率: 18.02% (阈值: 10.0%)
[2026-08-10 05:56:37] [溢价告警] 财通福鑫定开混合(501046) 溢价率: 30.61% (阈值: 10.0%)
[2026-08-10 05:57:24] [溢价告警] 南方原油LOF(501018) 溢价率: 11.76% (阈值: 10.0%)
[2026-08-11 02:30:23] [溢价告警] 国投白银LOF(161226) 溢价率: 12.57% (阈值: 10.0%)
[2026-08-11 02:30:42] [溢价告警] 原油LOF易方达(161129) 溢价率: 10.89% (阈值: 10.0%)
[2026-08-11 02:37:59] [溢价告警] 财通福鑫定开混合(501046) 溢价率: 30.25% (阈值: 10.0%)
[2026-08-11 05:26:08] [溢价告警] 国投白银LOF(161226) 溢价率: 11.10% (阈值: 10.0%)
[2026-08-11 05:26:36] [溢价告警] 原油LOF易方达(161129) 溢价率: 10.57% (阈值: 10.0%)
[2026-08-11 05:34:28] [溢价告警] 全球芯片LOF(501225) 溢价率: 12.30% (阈值: 10.0%)
[2026-08-11 05:36:55] [溢价告警] 财通福鑫定开混合(501046) 溢价率: 40.67% (阈值: 10.0%)
[2026-08-12 02:54:43] [溢价告警] 全球芯片LOF(501225) 溢价率: 12.19% (阈值: 10.0%)
[2026-08-12 02:56:24] [溢价告警] 科创主题投资基金LOF(501080) 溢价率: 18.30% (阈值: 10.0%)
[2026-08-12 02:57:16] [溢价告警] 财通福鑫定开混合(501046) 溢价率: 40.74% (阈值: 10.0%)
[2026-08-12 05:57:00] [溢价告警] 全球芯片LOF(501225) 溢价率: 11.38% (阈值: 10.0%)
[2026-08-12 05:58:35] [溢价告警] 科创主题投资基金LOF(501080) 溢价率: 17.46% (阈值: 10.0%)
[2026-08-12 05:59:25] [溢价告警] 财通福鑫定开混合(501046) 溢价率: 40.74% (阈值: 10.0%)
[2026-08-13 02:53:47] [溢价告警] 全球芯片LOF(501225) 溢价率: 13.71% (阈值: 10.0%)
[2026-08-13 02:55:17] [溢价告警] 科创主题投资基金LOF(501080) 溢价率: 11.62% (阈值: 10.0%)
[2026-08-13 02:55:55] [溢价告警] 财通福鑫定开混合(501046) 溢价率: 46.63% (阈值: 10.0%)
[2026-08-13 05:58:18] [溢价告警] 全球芯片LOF(501225) 溢价率: 14.00% (阈值: 10.0%)
[2026-08-13 05:59:53] [溢价告警] 科创主题投资基金LOF(501080) 溢价率: 10.67% (阈值: 10.0%)
[2026-08-13 06:00:43] [溢价告警] 财通福鑫定开混合(501046) 溢价率: 45.81% (阈值: 10.0%)
[2026-08-14 02:50:11] [溢价告警] 全球芯片LOF(501225) 溢价率: 15.16% (阈值: 10.0%)
[2026-08-14 05:57:14] [溢价告警] 全球芯片LOF(501225) 溢价率: 18.65% (阈值: 10.0%)
[2026-08-14 05:59:52] [溢价告警] 财通福鑫定开混合(501046) 溢价率: 47.90% (阈值: 10.0%)
[2026-08-15 01:59:20] [溢价告警] 全球芯片LOF(501225) 溢价率: 21.29% (阈值: 10.0%)
[2026-08-15 02:01:24] [溢价告警] 财通福鑫定开混合(501046) 溢价率: 43.68% (阈值: 10.0%)
[2026-08-15 04:57:44] [溢价告警] 全球芯片LOF(501225) 溢价率: 21.29% (阈值: 10.0%)
[2026-08-15 05:00:28] [溢价告警] 财通福鑫定开混合(501046) 溢价率: 43.68% (阈值: 10.0%)
[2026-08-16 02:07:11] [溢价告警] 全球芯片LOF(501225) 溢价率: 21.29% (阈值: 10.0%)
[2026-08-16 02:09:13] [溢价告警] 财通福鑫定开混合(501046) 溢价率: 43.68% (阈值: 10.0%)
[2026-08-16 05:00:46] [溢价告警] 全球芯片LOF(501225) 溢价率: 21.29% (阈值: 10.0%)
[2026-08-16 05:03:15] [溢价告警] 财通福鑫定开混合(501046) 溢价率: 43.68% (阈值: 10.0%)
[2026-08-17 02:04:20] [溢价告警] 全球芯片LOF(501225) 溢价率: 21.29% (阈值: 10.0%)
[2026-08-17 02:06:27] [溢价告警] 财通福鑫定开混合(501046) 溢价率: 43.68% (阈值: 10.0%)
[2026-08-17 05:08:25] [溢价告警] 全球芯片LOF(501225) 溢价率: 18.47% (阈值: 10.0%)
[2026-08-17 05:10:58] [溢价告警] 财通福鑫定开混合(501046) 溢价率: 46.64% (阈值: 10.0%)
[2026-08-18 01:57:34] [溢价告警] 全球芯片LOF(501225) 溢价率: 23.56% (阈值: 10.0%)
[2026-08-18 01:59:31] [溢价告警] 财通福鑫定开混合(501046) 溢价率: 41.13% (阈值: 10.0%)
[2026-08-18 05:00:05] [溢价告警] 全球芯片LOF(501225) 溢价率: 21.45% (阈值: 10.0%)
[2026-08-18 05:02:09] [溢价告警] 财通福鑫定开混合(501046) 溢价率: 41.13% (阈值: 10.0%)
[2026-08-19 01:57:03] [溢价告警] 原油LOF易方达(161129) 溢价率: 10.01% (阈值: 10.0%)
[2026-08-19 02:02:31] [溢价告警] 全球芯片LOF(501225) 溢价率: 13.31% (阈值: 10.0%)
[2026-08-19 02:04:31] [溢价告警] 财通福鑫定开混合(501046) 溢价率: 42.03% (阈值: 10.0%)
[2026-08-19 04:55:06] [溢价告警] 原油LOF易方达(161129) 溢价率: 10.48% (阈值: 10.0%)
[2026-08-19 05:00:32] [溢价告警] 全球芯片LOF(501225) 溢价率: 13.37% (阈值: 10.0%)
[2026-08-19 05:02:39] [溢价告警] 财通福鑫定开混合(501046) 溢价率: 27.83% (阈值: 10.0%)
[2026-08-20 01:59:28] [溢价告警] 全球芯片LOF(501225) 溢价率: 19.71% (阈值: 10.0%)
[2026-08-20 02:01:26] [溢价告警] 财通福鑫定开混合(501046) 溢价率: 41.36% (阈值: 10.0%)
[2026-08-20 05:01:49] [溢价告警] 全球芯片LOF(501225) 溢价率: 18.81% (阈值: 10.0%)
[2026-08-20 05:04:22] [溢价告警] 财通福鑫定开混合(501046) 溢价率: 35.11% (阈值: 10.0%)
[2026-08-21 02:06:06] [溢价告警] 全球芯片LOF(501225) 溢价率: 19.41% (阈值: 10.0%)
[2026-08-21 02:08:04] [溢价告警] 财通福鑫定开混合(501046) 溢价率: 34.89% (阈值: 10.0%)
[2026-08-21 05:04:44] [溢价告警] 全球芯片LOF(501225) 溢价率: 19.11% (阈值: 10.0%)
[2026-08-21 05:06:59] [溢价告警] 财通福鑫定开混合(501046) 溢价率: 28.92% (阈值: 10.0%)
[2026-08-22 02:00:26] [溢价告警] 全球芯片LOF(501225) 溢价率: 19.38% (阈值: 10.0%)
[2026-08-22 02:02:39] [溢价告警] 财通福鑫定开混合(501046) 溢价率: 29.86% (阈值: 10.0%)
[2026-08-22 04:58:55] [溢价告警] 全球芯片LOF(501225) 溢价率: 19.38% (阈值: 10.0%)
[2026-08-22 05:01:11] [溢价告警] 财通福鑫定开混合(501046) 溢价率: 29.86% (阈值: 10.0%)
[2026-08-23 02:10:37] [溢价告警] 全球芯片LOF(501225) 溢价率: 19.38% (阈值: 10.0%)
[2026-08-23 02:12:42] [溢价告警] 财通福鑫定开混合(501046) 溢价率: 29.86% (阈值: 10.0%)
[2026-08-23 05:03:39] [溢价告警] 全球芯片LOF(501225) 溢价率: 19.38% (阈值: 10.0%)
[2026-08-23 05:06:02] [溢价告警] 财通福鑫定开混合(501046) 溢价率: 29.86% (阈值: 10.0%)
[2026-08-24 02:10:11] [溢价告警] 全球芯片LOF(501225) 溢价率: 16.58% (阈值: 10.0%)
[2026-08-24 02:12:16] [溢价告警] 财通福鑫定开混合(501046) 溢价率: 29.86% (阈值: 10.0%)
[2026-08-24 05:02:42] [溢价告警] 国投白银LOF(161226) 溢价率: 11.71% (阈值: 10.0%)
[2026-08-24 05:07:28] [溢价告警] 全球芯片LOF(501225) 溢价率: 15.01% (阈值: 10.0%)
[2026-08-24 05:09:14] [溢价告警] 财通福鑫定开混合(501046) 溢价率: 20.25% (阈值: 10.0%)
[2026-08-25 01:59:47] [溢价告警] 全球芯片LOF(501225) 溢价率: 11.57% (阈值: 10.0%)
[2026-08-25 02:01:38] [溢价告警] 财通福鑫定开混合(501046) 溢价率: 34.85% (阈值: 10.0%)
